-- MySQL dump 10.13  Distrib 5.1.63, for pc-linux-gnu (i686)
--
-- Host: localhost    Database: mgwx
-- ------------------------------------------------------
-- Server version	5.1.63-log

/*!40101 SET @OLD_CHARACTER_SET_CLIENT=@@CHARACTER_SET_CLIENT */;
/*!40101 SET @OLD_CHARACTER_SET_RESULTS=@@CHARACTER_SET_RESULTS */;
/*!40101 SET @OLD_COLLATION_CONNECTION=@@COLLATION_CONNECTION */;
/*!40101 SET NAMES utf8 */;
/*!40103 SET @OLD_TIME_ZONE=@@TIME_ZONE */;
/*!40103 SET TIME_ZONE='+00:00' */;
/*!40014 SET @OLD_UNIQUE_CHECKS=@@UNIQUE_CHECKS, UNIQUE_CHECKS=0 */;
/*!40014 SET @OLD_FOREIGN_KEY_CHECKS=@@FOREIGN_KEY_CHECKS, FOREIGN_KEY_CHECKS=0 */;
/*!40101 SET @OLD_SQL_MODE=@@SQL_MODE, SQL_MODE='NO_AUTO_VALUE_ON_ZERO' */;
/*!40111 SET @OLD_SQL_NOTES=@@SQL_NOTES, SQL_NOTES=0 */;

--
-- Table structure for table `agent`
--

DROP TABLE IF EXISTS `agent`;
/*!40101 SET @saved_cs_client     = @@character_set_client */;
/*!40101 SET character_set_client = utf8 */;
CREATE TABLE `agent` (
  `id` mediumint(6) unsigned NOT NULL AUTO_INCREMENT,
  `par_id` mediumint(6) unsigned NOT NULL DEFAULT '0',
  `account` varchar(30) NOT NULL DEFAULT '',
  `nickname` varchar(10) NOT NULL DEFAULT '',
  `pwd` varchar(50) NOT NULL DEFAULT '',
  `email` varchar(30) NOT NULL DEFAULT '',
  `phone` varchar(20) NOT NULL,
  `qq` int(20) NOT NULL DEFAULT '0',
  `comment` varchar(50) DEFAULT '',
  `flag` tinyint(4) DEFAULT '1' COMMENT '1为普通市代理2为省3为大区域',
  `state` tinyint(2) DEFAULT '1',
  `level` tinyint(2) DEFAULT '2' COMMENT '2代表代理商的级别',
  `show` enum('0','1') DEFAULT '1',
  PRIMARY KEY (`id`)
) ENGINE=InnoDB AUTO_INCREMENT=16 DEFAULT CHARSET=utf8;
/*!40101 SET character_set_client = @saved_cs_client */;

--
-- Dumping data for table `agent`
--

LOCK TABLES `agent` WRITE;
/*!40000 ALTER TABLE `agent` DISABLE KEYS */;
INSERT INTO `agent` VALUES (15,0,'644452245@qq.com','唯诺国际文化传媒机构','81bfac29cb35d7915bfbbf638230aa78','644452245@qq.com','2147483647',644452245,'广东东莞代理',1,1,2,'1');
/*!40000 ALTER TABLE `agent` ENABLE KEYS */;
UNLOCK TABLES;

--
-- Table structure for table `area`
--

DROP TABLE IF EXISTS `area`;
/*!40101 SET @saved_cs_client     = @@character_set_client */;
/*!40101 SET character_set_client = utf8 */;
CREATE TABLE `area` (
  `id` int(11) NOT NULL AUTO_INCREMENT,
  `areaID` varchar(50) COLLATE utf8_bin DEFAULT NULL,
  `area` varchar(60) COLLATE utf8_bin DEFAULT NULL,
  `father` varchar(6) COLLATE utf8_bin DEFAULT NULL,
  PRIMARY KEY (`id`),
  KEY `id` (`id`)
) ENGINE=InnoDB AUTO_INCREMENT=3145 DEFAULT CHARSET=utf8 COLLATE=utf8_bin;
/*!40101 SET character_set_client = @saved_cs_client */;

--
-- Dumping data for table `area`
--

LOCK TABLES `area` WRITE;
/*!40000 ALTER TABLE `area` DISABLE KEYS */;
INSERT INTO `area` VALUES (1,'110101','东城区','110100'),(2,'110102','西城区','110100'),(3,'110103','崇文区','110100'),(4,'110104','宣武区','110100'),(5,'110105','朝阳区','110100'),(6,'110106','丰台区','110100'),(7,'110107','石景山区','110100'),(8,'110108','海淀区','110100'),(9,'110109','门头沟区','110100'),(10,'110111','房山区','110100'),(11,'110112','通州区','110100'),(12,'110113','顺义区','110100'),(13,'110114','昌平区','110100'),(14,'110115','大兴区','110100'),(15,'110116','怀柔区','110100'),(16,'110117','平谷区','110100'),(17,'110228','密云县','110200'),(18,'110229','延庆县','110200'),(19,'120101','和平区','120100'),(20,'120102','河东区','120100'),(21,'120103','河西区','120100'),(22,'120104','南开区','120100'),(23,'120105','河北区','120100'),(24,'120106','红桥区','120100'),(25,'120107','塘沽区','120100'),(26,'120108','汉沽区','120100'),(27,'120109','大港区','120100'),(28,'120110','东丽区','120100'),(29,'120111','西青区','120100'),(30,'120112','津南区','120100'),(31,'120113','北辰区','120100'),(32,'120114','武清区','120100'),(33,'120115','宝坻区','120100'),(34,'120221','宁河县','120200'),(35,'120223','静海县','120200'),(36,'120225','蓟　县','120200'),(37,'130101','市辖区','130100'),(38,'130102','长安区','130100'),(39,'130103','桥东区','130100'),(40,'130104','桥西区','130100'),(41,'130105','新华区','130100'),(42,'130107','井陉矿区','130100'),(43,'130108','裕华区','130100'),(44,'130121','井陉县','130100'),(45,'130123','正定县','130100'),(46,'130124','栾城县','130100'),(47,'130125','行唐县','130100'),(48,'130126','灵寿县','130100'),(49,'130127','高邑县','130100'),(50,'130128','深泽县','130100'),(51,'130129','赞皇县','130100'),(52,'130130','无极县','130100'),(53,'130131','平山县','130100'),(54,'130132','元氏县','130100'),(55,'130133','赵　县','130100'),(56,'130181','辛集市','130100'),(57,'130182','藁城市','130100'),(58,'130183','晋州市','130100'),(59,'130184','新乐市','130100'),(60,'130185','鹿泉市','130100'),(61,'130201','市辖区','130200'),(62,'130202','路南区','130200'),(63,'130203','路北区','130200'),(64,'130204','古冶区','130200'),(65,'130205','开平区','130200'),(66,'130207','丰南区','130200'),(67,'130208','丰润区','130200'),(68,'130223','滦　县','130200'),(69,'130224','滦南县','130200'),(70,'130225','乐亭县','130200'),(71,'130227','迁西县','130200'),(72,'130229','玉田县','130200'),(73,'130230','唐海县','130200'),(74,'130281','遵化市','130200'),(75,'130283','迁安市','130200'),(76,'130301','市辖区','130300'),(77,'130302','海港区','130300'),(78,'130303','山海关区','130300'),(79,'130304','北戴河区','130300'),(80,'130321','青龙满族自治县','130300'),(81,'130322','昌黎县','130300'),(82,'130323','抚宁县','130300'),(83,'130324','卢龙县','130300'),(84,'130401','市辖区','130400'),(85,'130402','邯山区','130400'),(86,'130403','丛台区','130400'),(87,'130404','复兴区','130400'),(88,'130406','峰峰矿区','130400'),(89,'130421','邯郸县','130400'),(90,'130423','临漳县','130400'),(91,'130424','成安县','130400'),(92,'130425','大名县','130400'),(93,'130426','涉　县','130400'),(94,'130427','磁　县','130400'),(95,'130428','肥乡县','130400'),(96,'130429','永年县','130400'),(97,'130430','邱　县','130400'),(98,'130431','鸡泽县','130400'),(99,'130432','广平县','130400'),(100,'130433','馆陶县','130400'),(101,'130434','魏　县','130400'),(102,'130435','曲周县','130400'),(103,'130481','武安市','130400'),(104,'130501','市辖区','130500'),(105,'130502','桥东区','130500'),(106,'130503','桥西区','130500'),(107,'130521','邢台县','130500'),(108,'130522','临城县','130500'),(109,'130523','内丘县','130500'),(110,'130524','柏乡县','130500'),(111,'130525','隆尧县','130500'),(112,'130526','任　县','130500'),(113,'130527','南和县','130500'),(114,'130528','宁晋县','130500'),(115,'130529','巨鹿县','130500'),(116,'130530','新河县','130500'),(117,'130531','广宗县','130500'),(118,'130532','平乡县','130500'),(119,'130533','威　县','130500'),(120,'130534','清河县','130500'),(121,'130535','临西县','130500'),(122,'130581','南宫市','130500'),(123,'130582','沙河市','130500'),(124,'130601','市辖区','130600'),(125,'130602','新市区','130600'),(126,'130603','北市区','130600'),(127,'130604','南市区','130600'),(128,'130621','满城县','130600'),(129,'130622','清苑县','130600'),(130,'130623','涞水县','130600'),(131,'130624','阜平县','130600'),(132,'130625','徐水县','130600'),(133,'130626','定兴县','130600'),(134,'130627','唐　县','130600'),(135,'130628','高阳县','130600'),(136,'130629','容城县','130600'),(137,'130630','涞源县','130600'),(138,'130631','望都县','130600'),(139,'130632','安新县','130600'),(140,'130633','易　县','130600'),(141,'130634','曲阳县','130600'),(142,'130635','蠡　县','130600'),(143,'130636','顺平县','130600'),(144,'130637','博野县','130600'),(145,'130638','雄　县','130600'),(146,'130681','涿州市','130600'),(147,'130682','定州市','130600'),(148,'130683','安国市','130600'),(149,'130684','高碑店市','130600'),(150,'130701','市辖区','130700'),(151,'130702','桥东区','130700'),(152,'130703','桥西区','130700'),(153,'130705','宣化区','130700'),(154,'130706','下花园区','130700'),(155,'130721','宣化县','130700'),(156,'130722','张北县','130700'),(157,'130723','康保县','130700'),(158,'130724','沽源县','130700'),(159,'130725','尚义县','130700'),(160,'130726','蔚　县','130700'),(161,'130727','阳原县','130700'),(162,'130728','怀安县','130700'),(163,'130729','万全县','130700'),(164,'130730','怀来县','130700'),(165,'130731','涿鹿县','130700'),(166,'130732','赤城县','130700'),(167,'130733','崇礼县','130700'),(168,'130801','市辖区','130800'),(169,'130802','双桥区','130800'),(170,'130803','双滦区','130800'),(171,'130804','鹰手营子矿区','130800'),(172,'130821','承德县','130800'),(173,'130822','兴隆县','130800'),(174,'130823','平泉县','130800'),(175,'130824','滦平县','130800'),(176,'130825','隆化县','130800'),(177,'130826','丰宁满族自治县','130800'),(178,'130827','宽城满族自治县','130800'),(179,'130828','围场满族蒙古族自治县','130800'),(180,'130901','市辖区','130900'),(181,'130902','新华区','130900'),(182,'130903','运河区','130900'),(183,'130921','沧　县','130900'),(184,'130922','青　县','130900'),(185,'130923','东光县','130900'),(186,'130924','海兴县','130900'),(187,'130925','盐山县','130900'),(188,'130926','肃宁县','130900'),(189,'130927','南皮县','130900'),(190,'130928','吴桥县','130900'),(191,'130929','献　县','130900'),(192,'130930','孟村回族自治县','130900'),(193,'130981','泊头市','130900'),(194,'130982','任丘市','130900'),(195,'130983','黄骅市','130900'),(196,'130984','河间市','130900'),(197,'131001','市辖区','131000'),(198,'131002','安次区','131000'),(199,'131003','广阳区','131000'),(200,'131022','固安县','131000'),(201,'131023','永清县','131000'),(202,'131024','香河县','131000'),(203,'131025','大城县','131000'),(204,'131026','文安县','131000'),(205,'131028','大厂回族自治县','131000'),(206,'131081','霸州市','131000'),(207,'131082','三河市','131000'),(208,'131101','市辖区','131100'),(209,'131102','桃城区','131100'),(210,'131121','枣强县','131100'),(211,'131122','武邑县','131100'),(212,'131123','武强县','131100'),(213,'131124','饶阳县','131100'),(214,'131125','安平县','131100'),(215,'131126','故城县','131100'),(216,'131127','景　县','131100'),(217,'131128','阜城县','131100'),(218,'131181','冀州市','131100'),(219,'131182','深州市','131100'),(220,'140101','市辖区','140100'),(221,'140105','小店区','140100'),(222,'140106','迎泽区','140100'),(223,'140107','杏花岭区','140100'),(224,'140108','尖草坪区','140100'),(225,'140109','万柏林区','140100'),(226,'140110','晋源区','140100'),(227,'140121','清徐县','140100'),(228,'140122','阳曲县','140100'),(229,'140123','娄烦县','140100'),(230,'140181','古交市','140100'),(231,'140201','市辖区','140200'),(232,'140202','城　区','140200'),(233,'140203','矿　区','140200'),(234,'140211','南郊区','140200'),(235,'140212','新荣区','140200'),(236,'140221','阳高县','140200'),(237,'140222','天镇县','140200'),(238,'140223','广灵县','140200'),(239,'140224','灵丘县','140200'),(240,'140225','浑源县','140200'),(241,'140226','左云县','140200'),(242,'140227','大同县','140200'),(243,'140301','市辖区','140300'),(244,'140302','城　区','140300'),(245,'140303','矿　区','140300'),(246,'140311','郊　区','140300'),(247,'140321','平定县','140300'),(248,'140322','盂　县','140300'),(249,'140401','市辖区','140400'),(250,'140402','城　区','140400'),(251,'140411','郊　区','140400'),(252,'140421','长治县','140400'),(253,'140423','襄垣县','140400'),(254,'140424','屯留县','140400'),(255,'140425','平顺县','140400'),(256,'140426','黎城县','140400'),(257,'140427','壶关县','140400'),(258,'140428','长子县','140400'),(259,'140429','武乡县','140400'),(260,'140430','沁　县','140400'),(261,'140431','沁源县','140400'),(262,'140481','潞城市','140400'),(263,'140501','市辖区','140500'),(264,'140502','城　区','140500'),(265,'140521','沁水县','140500'),(266,'140522','阳城县','140500'),(267,'140524','陵川县','140500'),(268,'140525','泽州县','140500'),(269,'140581','高平市','140500'),(270,'140601','市辖区','140600'),(271,'140602','朔城区','140600'),(272,'140603','平鲁区','140600'),(273,'140621','山阴县','140600'),(274,'140622','应　县','140600'),(275,'140623','右玉县','140600'),(276,'140624','怀仁县','140600'),(277,'140701','市辖区','140700'),(278,'140702','榆次区','140700'),(279,'140721','榆社县','140700'),(280,'140722','左权县','140700'),(281,'140723','和顺县','140700'),(282,'140724','昔阳县','140700'),(283,'140725','寿阳县','140700'),(284,'140726','太谷县','140700'),(285,'140727','祁　县','140700'),(286,'140728','平遥县','140700'),(287,'140729','灵石县','140700'),(288,'140781','介休市','140700'),(289,'140801','市辖区','140800'),(290,'140802','盐湖区','140800'),(291,'140821','临猗县','140800'),(292,'140822','万荣县','140800'),(293,'140823','闻喜县','140800'),(294,'140824','稷山县','140800'),(295,'140825','新绛县','140800'),(296,'140826','绛　县','140800'),(297,'140827','垣曲县','140800'),(298,'140828','夏　县','140800'),(299,'140829','平陆县','140800'),(300,'140830','芮城县','140800'),(301,'140881','永济市','140800'),(302,'140882','河津市','140800'),(303,'140901','市辖区','140900'),(304,'140902','忻府区','140900'),(305,'140921','定襄县','140900'),(306,'140922','五台县','140900'),(307,'140923','代　县','140900'),(308,'140924','繁峙县','140900'),(309,'140925','宁武县','140900'),(310,'140926','静乐县','140900'),(311,'140927','神池县','140900'),(312,'140928','五寨县','140900'),(313,'140929','岢岚县','140900'),(314,'140930','河曲县','140900'),(315,'140931','保德县','140900'),(316,'140932','偏关县','140900'),(317,'140981','原平市','140900'),(318,'141001','市辖区','141000'),(319,'141002','尧都区','141000'),(320,'141021','曲沃县','141000'),(321,'141022','翼城县','141000'),(322,'141023','襄汾县','141000'),(323,'141024','洪洞县','141000'),(324,'141025','古　县','141000'),(325,'141026','安泽县','141000'),(326,'141027','浮山县','141000'),(327,'141028','吉　县','141000'),(328,'141029','乡宁县','141000'),(329,'141030','大宁县','141000'),(330,'141031','隰　县','141000'),(331,'141032','永和县','141000'),(332,'141033','蒲　县','141000'),(333,'141034','汾西县','141000'),(334,'141081','侯马市','141000'),(335,'141082','霍州市','141000'),(336,'141101','市辖区','141100'),(337,'141102','离石区','141100'),(338,'141121','文水县','141100'),(339,'141122','交城县','141100'),(340,'141123','兴　县','141100'),(341,'141124','临　县','141100'),(342,'141125','柳林县','141100'),(343,'141126','石楼县','141100'),(344,'141127','岚　县','141100'),(345,'141128','方山县','141100'),(346,'141129','中阳县','141100'),(347,'141130','交口县','141100'),(348,'141181','孝义市','141100'),(349,'141182','汾阳市','141100'),(350,'150101','市辖区','150100'),(351,'150102','新城区','150100'),(352,'150103','回民区','150100'),(353,'150104','玉泉区','150100'),(354,'150105','赛罕区','150100'),(355,'150121','土默特左旗','150100'),(356,'150122','托克托县','150100'),(357,'150123','和林格尔县','150100'),(358,'150124','清水河县','150100'),(359,'150125','武川县','150100'),(360,'150201','市辖区','150200'),(361,'150202','东河区','150200'),(362,'150203','昆都仑区','150200'),(363,'150204','青山区','150200'),(364,'150205','石拐区','150200'),(365,'150206','白云矿区','150200'),(366,'150207','九原区','150200'),(367,'150221','土默特右旗','150200'),(368,'150222','固阳县','150200'),(369,'150223','达尔罕茂明安联合旗','150200'),(370,'150301','市辖区','150300'),(371,'150302','海勃湾区','150300'),(372,'150303','海南区','150300'),(373,'150304','乌达区','150300'),(374,'150401','市辖区','150400'),(375,'150402','红山区','150400'),(376,'150403','元宝山区','150400'),(377,'150404','松山区','150400'),(378,'150421','阿鲁科尔沁旗','150400'),(379,'150422','巴林左旗','150400'),(380,'150423','巴林右旗','150400'),(381,'150424','林西县','150400'),(382,'150425','克什克腾旗','150400'),(383,'150426','翁牛特旗','150400'),(384,'150428','喀喇沁旗','150400'),(385,'150429','宁城县','150400'),(386,'150430','敖汉旗','150400'),(387,'150501','市辖区','150500'),(388,'150502','科尔沁区','150500'),(389,'150521','科尔沁左翼中旗','150500'),(390,'150522','科尔沁左翼后旗','150500'),(391,'150523','开鲁县','150500'),(392,'150524','库伦旗','150500'),(393,'150525','奈曼旗','150500'),(394,'150526','扎鲁特旗','150500'),(395,'150581','霍林郭勒市','150500'),(396,'150602','东胜区','150600'),(397,'150621','达拉特旗','150600'),(398,'150622','准格尔旗','150600'),(399,'150623','鄂托克前旗','150600'),(400,'150624','鄂托克旗','150600'),(401,'150625','杭锦旗','150600'),(402,'150626','乌审旗','150600'),(403,'150627','伊金霍洛旗','150600'),(404,'150701','市辖区','150700'),(405,'150702','海拉尔区','150700'),(406,'150721','阿荣旗','150700'),(407,'150722','莫力达瓦达斡尔族自治旗','150700'),(408,'150723','鄂伦春自治旗','150700'),(409,'150724','鄂温克族自治旗','150700'),(410,'150725','陈巴尔虎旗','150700'),(411,'150726','新巴尔虎左旗','150700'),(412,'150727','新巴尔虎右旗','150700'),(413,'150781','满洲里市','150700'),(414,'150782','牙克石市','150700'),(415,'150783','扎兰屯市','150700'),(416,'150784','额尔古纳市','150700'),(417,'150785','根河市','150700'),(418,'150801','市辖区','150800'),(419,'150802','临河区','150800'),(420,'150821','五原县','150800'),(421,'150822','磴口县','150800'),(422,'150823','乌拉特前旗','150800'),(423,'150824','乌拉特中旗','150800'),(424,'150825','乌拉特后旗','150800'),(425,'150826','杭锦后旗','150800'),(426,'150901','市辖区','150900'),(427,'150902','集宁区','150900'),(428,'150921','卓资县','150900'),(429,'150922','化德县','150900'),(430,'150923','商都县','150900'),(431,'150924','兴和县','150900'),(432,'150925','凉城县','150900'),(433,'150926','察哈尔右翼前旗','150900'),(434,'150927','察哈尔右翼中旗','150900'),(435,'150928','察哈尔右翼后旗','150900'),(436,'150929','四子王旗','150900'),(437,'150981','丰镇市','150900'),(438,'152201','乌兰浩特市','152200'),(439,'152202','阿尔山市','152200'),(440,'152221','科尔沁右翼前旗','152200'),(441,'152222','科尔沁右翼中旗','152200'),(442,'152223','扎赉特旗','152200'),(443,'152224','突泉县','152200'),(444,'152501','二连浩特市','152500'),(445,'152502','锡林浩特市','152500'),(446,'152522','阿巴嘎旗','152500'),(447,'152523','苏尼特左旗','152500'),(448,'152524','苏尼特右旗','152500'),(449,'152525','东乌珠穆沁旗','152500'),(450,'152526','西乌珠穆沁旗','152500'),(451,'152527','太仆寺旗','152500'),(452,'152528','镶黄旗','152500'),(453,'152529','正镶白旗','152500'),(454,'152530','正蓝旗','152500'),(455,'152531','多伦县','152500'),(456,'152921','阿拉善左旗','152900'),(457,'152922','阿拉善右旗','152900'),(458,'152923','额济纳旗','152900'),(459,'210101','市辖区','210100'),(460,'210102','和平区','210100'),(461,'210103','沈河区','210100'),(462,'210104','大东区','210100'),(463,'210105','皇姑区','210100'),(464,'210106','铁西区','210100'),(465,'210111','苏家屯区','210100'),(466,'210112','东陵区','210100'),(467,'210113','新城子区','210100'),(468,'210114','于洪区','210100'),(469,'210122','辽中县','210100'),(470,'210123','康平县','210100'),(471,'210124','法库县','210100'),(472,'210181','新民市','210100'),(473,'210201','市辖区','210200'),(474,'210202','中山区','210200'),(475,'210203','西岗区','210200'),(476,'210204','沙河口区','210200'),(477,'210211','甘井子区','210200'),(478,'210212','旅顺口区','210200'),(479,'210213','金州区','210200'),(480,'210224','长海县','210200'),(481,'210281','瓦房店市','210200'),(482,'210282','普兰店市','210200'),(483,'210283','庄河市','210200'),(484,'210301','市辖区','210300'),(485,'210302','铁东区','210300'),(486,'210303','铁西区','210300'),(487,'210304','立山区','210300'),(488,'210311','千山区','210300'),(489,'210321','台安县','210300'),(490,'210323','岫岩满族自治县','210300'),(491,'210381','海城市','210300'),(492,'210401','市辖区','210400'),(493,'210402','新抚区','210400'),(494,'210403','东洲区','210400'),(495,'210404','望花区','210400'),(496,'210411','顺城区','210400'),(497,'210421','抚顺县','210400'),(498,'210422','新宾满族自治县','210400'),(499,'210423','清原满族自治县','210400'),(500,'210501','市辖区','210500'),(501,'210502','平山区','210500'),(502,'210503','溪湖区','210500'),(503,'210504','明山区','210500'),(504,'210505','南芬区','210500'),(505,'210521','本溪满族自治县','210500'),(506,'210522','桓仁满族自治县','210500'),(507,'210601','市辖区','210600'),(508,'210602','元宝区','210600'),(509,'210603','振兴区','210600'),(510,'210604','振安区','210600'),(511,'210624','宽甸满族自治县','210600'),(512,'210681','东港市','210600'),(513,'210682','凤城市','210600'),(514,'210701','市辖区','210700'),(515,'210702','古塔区','210700'),(516,'210703','凌河区','210700'),(517,'210711','太和区','210700'),(518,'210726','黑山县','210700'),(519,'210727','义　县','210700'),(520,'210781','凌海市','210700'),(521,'210782','北宁市','210700'),(522,'210801','市辖区','210800'),(523,'210802','站前区','210800'),(524,'210803','西市区','210800'),(525,'210804','鲅鱼圈区','210800'),(526,'210811','老边区','210800'),(527,'210881','盖州市','210800'),(528,'210882','大石桥市','210800'),(529,'210901','市辖区','210900'),(530,'210902','海州区','210900'),(531,'210903','新邱区','210900'),(532,'210904','太平区','210900'),(533,'210905','清河门区','210900'),(534,'210911','细河区','210900'),(535,'210921','阜新蒙古族自治县','210900'),(536,'210922','彰武县','210900'),(537,'211001','市辖区','211000'),(538,'211002','白塔区','211000'),(539,'211003','文圣区','211000'),(540,'211004','宏伟区','211000'),(541,'211005','弓长岭区','211000'),(542,'211011','太子河区','211000'),(543,'211021','辽阳县','211000'),(544,'211081','灯塔市','211000'),(545,'211101','市辖区','211100'),(546,'211102','双台子区','211100'),(547,'211103','兴隆台区','211100'),(548,'211121','大洼县','211100'),(549,'211122','盘山县','211100'),(550,'211201','市辖区','211200'),(551,'211202','银州区','211200'),(552,'211204','清河区','211200'),(553,'211221','铁岭县','211200'),(554,'211223','西丰县','211200'),(555,'211224','昌图县','211200'),(556,'211281','调兵山市','211200'),(557,'211282','开原市','211200'),(558,'211301','市辖区','211300'),(559,'211302','双塔区','211300'),(560,'211303','龙城区','211300'),(561,'211321','朝阳县','211300'),(562,'211322','建平县','211300'),(563,'211324','喀喇沁左翼蒙古族自治县','211300'),(564,'211381','北票市','211300'),(565,'211382','凌源市','211300'),(566,'211401','市辖区','211400'),(567,'211402','连山区','211400'),(568,'211403','龙港区','211400'),(569,'211404','南票区','211400'),(570,'211421','绥中县','211400'),(571,'211422','建昌县','211400'),(572,'211481','兴城市','211400'),(573,'220101','市辖区','220100'),(574,'220102','南关区','220100'),(575,'220103','宽城区','220100'),(576,'220104','朝阳区','220100'),(577,'220105','二道区','220100'),(578,'220106','绿园区','220100'),(579,'220112','双阳区','220100'),(580,'220122','农安县','220100'),(581,'220181','九台市','220100'),(582,'220182','榆树市','220100'),(583,'220183','德惠市','220100'),(584,'220201','市辖区','220200'),(585,'220202','昌邑区','220200'),(586,'220203','龙潭区','220200'),(587,'220204','船营区','220200'),(588,'220211','丰满区','220200'),(589,'220221','永吉县','220200'),(590,'220281','蛟河市','220200'),(591,'220282','桦甸市','220200'),(592,'220283','舒兰市','220200'),(593,'220284','磐石市','220200'),(594,'220301','市辖区','220300'),(595,'220302','铁西区','220300'),(596,'220303','铁东区','220300'),(597,'220322','梨树县','220300'),(598,'220323','伊通满族自治县','220300'),(599,'220381','公主岭市','220300'),(600,'220382','双辽市','220300'),(601,'220401','市辖区','220400'),(602,'220402','龙山区','220400'),(603,'220403','西安区','220400'),(604,'220421','东丰县','220400'),(605,'220422','东辽县','220400'),(606,'220501','市辖区','220500'),(607,'220502','东昌区','220500'),(608,'220503','二道江区','220500'),(609,'220521','通化县','220500'),(610,'220523','辉南县','220500'),(611,'220524','柳河县','220500'),(612,'220581','梅河口市','220500'),(613,'220582','集安市','220500'),(614,'220601','市辖区','220600'),(615,'220602','八道江区','220600'),(616,'220621','抚松县','220600'),(617,'220622','靖宇县','220600'),(618,'220623','长白朝鲜族自治县','220600'),(619,'220625','江源县','220600'),(620,'220681','临江市','220600'),(621,'220701','市辖区','220700'),(622,'220702','宁江区','220700'),(623,'220721','前郭尔罗斯蒙古族自治县','220700'),(624,'220722','长岭县','220700'),(625,'220723','乾安县','220700'),(626,'220724','扶余县','220700'),(627,'220801','市辖区','220800'),(628,'220802','洮北区','220800'),(629,'220821','镇赉县','220800'),(630,'220822','通榆县','220800'),(631,'220881','洮南市','220800'),(632,'220882','大安市','220800'),(633,'222401','延吉市','222400'),(634,'222402','图们市','222400'),(635,'222403','敦化市','222400'),(636,'222404','珲春市','222400'),(637,'222405','龙井市','222400'),(638,'222406','和龙市','222400'),(639,'222424','汪清县','222400'),(640,'222426','安图县','222400'),(641,'230101','市辖区','230100'),(642,'230102','道里区','230100'),(643,'230103','南岗区','230100'),(644,'230104','道外区','230100'),(645,'230106','香坊区','230100'),(646,'230107','动力区','230100'),(647,'230108','平房区','230100'),(648,'230109','松北区','230100'),(649,'230111','呼兰区','230100'),(650,'230123','依兰县','230100'),(651,'230124','方正县','230100'),(652,'230125','宾　县','230100'),(653,'230126','巴彦县','230100'),(654,'230127','木兰县','230100'),(655,'230128','通河县','230100'),(656,'230129','延寿县','230100'),(657,'230181','阿城市','230100'),(658,'230182','双城市','230100'),(659,'230183','尚志市','230100'),(660,'230184','五常市','230100'),(661,'230201','市辖区','230200'),(662,'230202','龙沙区','230200'),(663,'230203','建华区','230200'),(664,'230204','铁锋区','230200'),(665,'230205','昂昂溪区','230200'),(666,'230206','富拉尔基区','230200'),(667,'230207','碾子山区','230200'),(668,'230208','梅里斯达斡尔族区','230200'),(669,'230221','龙江县','230200'),(670,'230223','依安县','230200'),(671,'230224','泰来县','230200'),(672,'230225','甘南县','230200'),(673,'230227','富裕县','230200'),(674,'230229','克山县','230200'),(675,'230230','克东县','230200'),(676,'230231','拜泉县','230200'),(677,'230281','讷河市','230200'),(678,'230301','市辖区','230300'),(679,'230302','鸡冠区','230300'),(680,'230303','恒山区','230300'),(681,'230304','滴道区','230300'),(682,'230305','梨树区','230300'),(683,'230306','城子河区','230300'),(684,'230307','麻山区','230300'),(685,'230321','鸡东县','230300'),(686,'230381','虎林市','230300'),(687,'230382','密山市','230300'),(688,'230401','市辖区','230400'),(689,'230402','向阳区','230400'),(690,'230403','工农区','230400'),(691,'230404','南山区','230400'),(692,'230405','兴安区','230400'),(693,'230406','东山区','230400'),(694,'230407','兴山区','230400'),(695,'230421','萝北县','230400'),(696,'230422','绥滨县','230400'),(697,'230501','市辖区','230500'),(698,'230502','尖山区','230500'),(699,'230503','岭东区','230500'),(700,'230505','四方台区','230500'),(701,'230506','宝山区','230500'),(702,'230521','集贤县','230500'),(703,'230522','友谊县','230500'),(704,'230523','宝清县','230500'),(705,'230524','饶河县','230500'),(706,'230601','市辖区','230600'),(707,'230602','萨尔图区','230600'),(708,'230603','龙凤区','230600'),(709,'230604','让胡路区','230600'),(710,'230605','红岗区','230600'),(711,'230606','大同区','230600'),(712,'230621','肇州县','230600'),(713,'230622','肇源县','230600'),(714,'230623','林甸县','230600'),(715,'230624','杜尔伯特蒙古族自治县','230600'),(716,'230701','市辖区','230700'),(717,'230702','伊春区','230700'),(718,'230703','南岔区','230700'),(719,'230704','友好区','230700'),(720,'230705','西林区','230700'),(721,'230706','翠峦区','230700'),(722,'230707','新青区','230700'),(723,'230708','美溪区','230700'),(724,'230709','金山屯区','230700'),(725,'230710','五营区','230700'),(726,'230711','乌马河区','230700'),(727,'230712','汤旺河区','230700'),(728,'230713','带岭区','230700'),(729,'230714','乌伊岭区','230700'),(730,'230715','红星区','230700'),(731,'230716','上甘岭区','230700'),(732,'230722','嘉荫县','230700'),(733,'230781','铁力市','230700'),(734,'230801','市辖区','230800'),(735,'230802','永红区','230800'),(736,'230803','向阳区','230800'),(737,'230804','前进区','230800'),(738,'230805','东风区','230800'),(739,'230811','郊　区','230800'),(740,'230822','桦南县','230800'),(741,'230826','桦川县','230800'),(742,'230828','汤原县','230800'),(743,'230833','抚远县','230800'),(744,'230881','同江市','230800'),(745,'230882','富锦市','230800'),(746,'230901','市辖区','230900'),(747,'230902','新兴区','230900'),(748,'230903','桃山区','230900'),(749,'230904','茄子河区','230900'),(750,'230921','勃利县','230900'),(751,'231001','市辖区','231000'),(752,'231002','东安区','231000'),(753,'231003','阳明区','231000'),(754,'231004','爱民区','231000'),(755,'231005','西安区','231000'),(756,'231024','东宁县','231000'),(757,'231025','林口县','231000'),(758,'231081','绥芬河市','231000'),(759,'231083','海林市','231000'),(760,'231084','宁安市','231000'),(761,'231085','穆棱市','231000'),(762,'231101','市辖区','231100'),(763,'231102','爱辉区','231100'),(764,'231121','嫩江县','231100'),(765,'231123','逊克县','231100'),(766,'231124','孙吴县','231100'),(767,'231181','北安市','231100'),(768,'231182','五大连池市','231100'),(769,'231201','市辖区','231200'),(770,'231202','北林区','231200'),(771,'231221','望奎县','231200'),(772,'231222','兰西县','231200'),(773,'231223','青冈县','231200'),(774,'231224','庆安县','231200'),(775,'231225','明水县','231200'),(776,'231226','绥棱县','231200'),(777,'231281','安达市','231200'),(778,'231282','肇东市','231200'),(779,'231283','海伦市','231200'),(780,'232721','呼玛县','232700'),(781,'232722','塔河县','232700'),(782,'232723','漠河县','232700'),(783,'310101','黄浦区','310100'),(784,'310103','卢湾区','310100'),(785,'310104','徐汇区','310100'),(786,'310105','长宁区','310100'),(787,'310106','静安区','310100'),(788,'310107','普陀区','310100'),(789,'310108','闸北区','310100'),(790,'310109','虹口区','310100'),(791,'310110','杨浦区','310100'),(792,'310112','闵行区','310100'),(793,'310113','宝山区','310100'),(794,'310114','嘉定区','310100'),(795,'310115','浦东新区','310100'),(796,'310116','金山区','310100'),(797,'310117','松江区','310100'),(798,'310118','青浦区','310100'),(799,'310119','南汇区','310100'),(800,'310120','奉贤区','310100'),(801,'310230','崇明县','310200'),(802,'320101','市辖区','320100'),(803,'320102','玄武区','320100'),(804,'320103','白下区','320100'),(805,'320104','秦淮区','320100'),(806,'320105','建邺区','320100'),(807,'320106','鼓楼区','320100'),(808,'320107','下关区','320100'),(809,'320111','浦口区','320100'),(810,'320113','栖霞区','320100'),(811,'320114','雨花台区','320100'),(812,'320115','江宁区','320100'),(813,'320116','六合区','320100'),(814,'320124','溧水县','320100'),(815,'320125','高淳县','320100'),(816,'320201','市辖区','320200'),(817,'320202','崇安区','320200'),(818,'320203','南长区','320200'),(819,'320204','北塘区','320200'),(820,'320205','锡山区','320200'),(821,'320206','惠山区','320200'),(822,'320211','滨湖区','320200'),(823,'320281','江阴市','320200'),(824,'320282','宜兴市','320200'),(825,'320301','市辖区','320300'),(826,'320302','鼓楼区','320300'),(827,'320303','云龙区','320300'),(828,'320304','九里区','320300'),(829,'320305','贾汪区','320300'),(830,'320311','泉山区','320300'),(831,'320321','丰　县','320300'),(832,'320322','沛　县','320300'),(833,'320323','铜山县','320300'),(834,'320324','睢宁县','320300'),(835,'320381','新沂市','320300'),(836,'320382','邳州市','320300'),(837,'320401','市辖区','320400'),(838,'320402','天宁区','320400'),(839,'320404','钟楼区','320400'),(840,'320405','戚墅堰区','320400'),(841,'320411','新北区','320400'),(842,'320412','武进区','320400'),(843,'320481','溧阳市','320400'),(844,'320482','金坛市','320400'),(845,'320501','市辖区','320500'),(846,'320502','沧浪区','320500'),(847,'320503','平江区','320500'),(848,'320504','金阊区','320500'),(849,'320505','虎丘区','320500'),(850,'320506','吴中区','320500'),(851,'320507','相城区','320500'),(852,'320581','常熟市','320500'),(853,'320582','张家港市','320500'),(854,'320583','昆山市','320500'),(855,'320584','吴江市','320500'),(856,'320585','太仓市','320500'),(857,'320601','市辖区','320600'),(858,'320602','崇川区','320600'),(859,'320611','港闸区','320600'),(860,'320621','海安县','320600'),(861,'320623','如东县','320600'),(862,'320681','启东市','320600'),(863,'320682','如皋市','320600'),(864,'320683','通州市','320600'),(865,'320684','海门市','320600'),(866,'320701','市辖区','320700'),(867,'320703','连云区','320700'),(868,'320705','新浦区','320700'),(869,'320706','海州区','320700'),(870,'320721','赣榆县','320700'),(871,'320722','东海县','320700'),(872,'320723','灌云县','320700'),(873,'320724','灌南县','320700'),(874,'320801','市辖区','320800'),(875,'320802','清河区','320800'),(876,'320803','楚州区','320800'),(877,'320804','淮阴区','320800'),(878,'320811','清浦区','320800'),(879,'320826','涟水县','320800'),(880,'320829','洪泽县','320800'),(881,'320830','盱眙县','320800'),(882,'320831','金湖县','320800'),(883,'320901','市辖区','320900'),(884,'320902','亭湖区','320900'),(885,'320903','盐都区','320900'),(886,'320921','响水县','320900'),(887,'320922','滨海县','320900'),(888,'320923','阜宁县','320900'),(889,'320924','射阳县','320900'),(890,'320925','建湖县','320900'),(891,'320981','东台市','320900'),(892,'320982','大丰市','320900'),(893,'321001','市辖区','321000'),(894,'321002','广陵区','321000'),(895,'321003','邗江区','321000'),(896,'321011','郊　区','321000'),(897,'321023','宝应县','321000'),(898,'321081','仪征市','321000'),(899,'321084','高邮市','321000'),(900,'321088','江都市','321000'),(901,'321101','市辖区','321100'),(902,'321102','京口区','321100'),(903,'321111','润州区','321100'),(904,'321112','丹徒区','321100'),(905,'321181','丹阳市','321100'),(906,'321182','扬中市','321100'),(907,'321183','句容市','321100'),(908,'321201','市辖区','321200'),(909,'321202','海陵区','321200'),(910,'321203','高港区','321200'),(911,'321281','兴化市','321200'),(912,'321282','靖江市','321200'),(913,'321283','泰兴市','321200'),(914,'321284','姜堰市','321200'),(915,'321301','市辖区','321300'),(916,'321302','宿城区','321300'),(917,'321311','宿豫区','321300'),(918,'321322','沭阳县','321300'),(919,'321323','泗阳县','321300'),(920,'321324','泗洪县','321300'),(921,'330101','市辖区','330100'),(922,'330102','上城区','330100'),(923,'330103','下城区','330100'),(924,'330104','江干区','330100'),(925,'330105','拱墅区','330100'),(926,'330106','西湖区','330100'),(927,'330108','滨江区','330100'),(928,'330109','萧山区','330100'),(929,'330110','余杭区','330100'),(930,'330122','桐庐县','330100'),(931,'330127','淳安县','330100'),(932,'330182','建德市','330100'),(933,'330183','富阳市','330100'),(934,'330185','临安市','330100'),(935,'330201','市辖区','330200'),(936,'330203','海曙区','330200'),(937,'330204','江东区','330200'),(938,'330205','江北区','330200'),(939,'330206','北仑区','330200'),(940,'330211','镇海区','330200'),(941,'330212','鄞州区','330200'),(942,'330225','象山县','330200'),(943,'330226','宁海县','330200'),(944,'330281','余姚市','330200'),(945,'330282','慈溪市','330200'),(946,'330283','奉化市','330200'),(947,'330301','市辖区','330300'),(948,'330302','鹿城区','330300'),(949,'330303','龙湾区','330300'),(950,'330304','瓯海区','330300'),(951,'330322','洞头县','330300'),(952,'330324','永嘉县','330300'),(953,'330326','平阳县','330300'),(954,'330327','苍南县','330300'),(955,'330328','文成县','330300'),(956,'330329','泰顺县','330300'),(957,'330381','瑞安市','330300'),(958,'330382','乐清市','330300'),(959,'330401','市辖区','330400'),(960,'330402','秀城区','330400'),(961,'330411','秀洲区','330400'),(962,'330421','嘉善县','330400'),(963,'330424','海盐县','330400'),(964,'330481','海宁市','330400'),(965,'330482','平湖市','330400'),(966,'330483','桐乡市','330400'),(967,'330501','市辖区','330500'),(968,'330502','吴兴区','330500'),(969,'330503','南浔区','330500'),(970,'330521','德清县','330500'),(971,'330522','长兴县','330500'),(972,'330523','安吉县','330500'),(973,'330601','市辖区','330600'),(974,'330602','越城区','330600'),(975,'330621','绍兴县','330600'),(976,'330624','新昌县','330600'),(977,'330681','诸暨市','330600'),(978,'330682','上虞市','330600'),(979,'330683','嵊州市','330600'),(980,'330701','市辖区','330700'),(981,'330702','婺城区','330700'),(982,'330703','金东区','330700'),(983,'330723','武义县','330700'),(984,'330726','浦江县','330700'),(985,'330727','磐安县','330700'),(986,'330781','兰溪市','330700'),(987,'330782','义乌市','330700'),(988,'330783','东阳市','330700'),(989,'330784','永康市','330700'),(990,'330801','市辖区','330800'),(991,'330802','柯城区','330800'),(992,'330803','衢江区','330800'),(993,'330822','常山县','330800'),(994,'330824','开化县','330800'),(995,'330825','龙游县','330800'),(996,'330881','江山市','330800'),(997,'330901','市辖区','330900'),(998,'330902','定海区','330900'),(999,'330903','普陀区','330900'),(1000,'330921','岱山县','330900'),(1001,'330922','嵊泗县','330900'),(1002,'331001','市辖区','331000'),(1003,'331002','椒江区','331000'),(1004,'331003','黄岩区','331000'),(1005,'331004','路桥区','331000'),(1006,'331021','玉环县','331000'),(1007,'331022','三门县','331000'),(1008,'331023','天台县','331000'),(1009,'331024','仙居县','331000'),(1010,'331081','温岭市','331000'),(1011,'331082','临海市','331000'),(1012,'331101','市辖区','331100'),(1013,'331102','莲都区','331100'),(1014,'331121','青田县','331100'),(1015,'331122','缙云县','331100'),(1016,'331123','遂昌县','331100'),(1017,'331124','松阳县','331100'),(1018,'331125','云和县','331100'),(1019,'331126','庆元县','331100'),(1020,'331127','景宁畲族自治县','331100'),(1021,'331181','龙泉市','331100'),(1022,'340101','市辖区','340100'),(1023,'340102','瑶海区','340100'),(1024,'340103','庐阳区','340100'),(1025,'340104','蜀山区','340100'),(1026,'340111','包河区','340100'),(1027,'340121','长丰县','340100'),(1028,'340122','肥东县','340100'),(1029,'340123','肥西县','340100'),(1030,'340201','市辖区','340200'),(1031,'340202','镜湖区','340200'),(1032,'340203','马塘区','340200'),(1033,'340204','新芜区','340200'),(1034,'340207','鸠江区','340200'),(1035,'340221','芜湖县','340200'),(1036,'340222','繁昌县','340200'),(1037,'340223','南陵县','340200'),(1038,'340301','市辖区','340300'),(1039,'340302','龙子湖区','340300'),(1040,'340303','蚌山区','340300'),(1041,'340304','禹会区','340300'),(1042,'340311','淮上区','340300'),(1043,'340321','怀远县','340300'),(1044,'340322','五河县','340300'),(1045,'340323','固镇县','340300'),(1046,'340401','市辖区','340400'),(1047,'340402','大通区','340400'),(1048,'340403','田家庵区','340400'),(1049,'340404','谢家集区','340400'),(1050,'340405','八公山区','340400'),(1051,'340406','潘集区','340400'),(1052,'340421','凤台县','340400'),(1053,'340501','市辖区','340500'),(1054,'340502','金家庄区','340500'),(1055,'340503','花山区','340500'),(1056,'340504','雨山区','340500'),(1057,'340521','当涂县','340500'),(1058,'340601','市辖区','340600'),(1059,'340602','杜集区','340600'),(1060,'340603','相山区','340600'),(1061,'340604','烈山区','340600'),(1062,'340621','濉溪县','340600'),(1063,'340701','市辖区','340700'),(1064,'340702','铜官山区','340700'),(1065,'340703','狮子山区','340700'),(1066,'340711','郊　区','340700'),(1067,'340721','铜陵县','340700'),(1068,'340801','市辖区','340800'),(1069,'340802','迎江区','340800'),(1070,'340803','大观区','340800'),(1071,'340811','郊　区','340800'),(1072,'340822','怀宁县','340800'),(1073,'340823','枞阳县','340800'),(1074,'340824','潜山县','340800'),(1075,'340825','太湖县','340800'),(1076,'340826','宿松县','340800'),(1077,'340827','望江县','340800'),(1078,'340828','岳西县','340800'),(1079,'340881','桐城市','340800'),(1080,'341001','市辖区','341000'),(1081,'341002','屯溪区','341000'),(1082,'341003','黄山区','341000'),(1083,'341004','徽州区','341000'),(1084,'341021','歙　县','341000'),(1085,'341022','休宁县','341000'),(1086,'341023','黟　县','341000'),(1087,'341024','祁门县','341000'),(1088,'341101','市辖区','341100'),(1089,'341102','琅琊区','341100'),(1090,'341103','南谯区','341100'),(1091,'341122','来安县','341100'),(1092,'341124','全椒县','341100'),(1093,'341125','定远县','341100'),(1094,'341126','凤阳县','341100'),(1095,'341181','天长市','341100'),(1096,'341182','明光市','341100'),(1097,'341201','市辖区','341200'),(1098,'341202','颍州区','341200'),(1099,'341203','颍东区','341200'),(1100,'341204','颍泉区','341200'),(1101,'341221','临泉县','341200'),(1102,'341222','太和县','341200'),(1103,'341225','阜南县','341200'),(1104,'341226','颍上县','341200'),(1105,'341282','界首市','341200'),(1106,'341301','市辖区','341300'),(1107,'341302','墉桥区','341300'),(1108,'341321','砀山县','341300'),(1109,'341322','萧　县','341300'),(1110,'341323','灵璧县','341300'),(1111,'341324','泗　县','341300'),(1112,'341401','市辖区','341400'),(1113,'341402','居巢区','341400'),(1114,'341421','庐江县','341400'),(1115,'341422','无为县','341400'),(1116,'341423','含山县','341400'),(1117,'341424','和　县','341400'),(1118,'341501','市辖区','341500'),(1119,'341502','金安区','341500'),(1120,'341503','裕安区','341500'),(1121,'341521','寿　县','341500'),(1122,'341522','霍邱县','341500'),(1123,'341523','舒城县','341500'),(1124,'341524','金寨县','341500'),(1125,'341525','霍山县','341500'),(1126,'341601','市辖区','341600'),(1127,'341602','谯城区','341600'),(1128,'341621','涡阳县','341600'),(1129,'341622','蒙城县','341600'),(1130,'341623','利辛县','341600'),(1131,'341701','市辖区','341700'),(1132,'341702','贵池区','341700'),(1133,'341721','东至县','341700'),(1134,'341722','石台县','341700'),(1135,'341723','青阳县','341700'),(1136,'341801','市辖区','341800'),(1137,'341802','宣州区','341800'),(1138,'341821','郎溪县','341800'),(1139,'341822','广德县','341800'),(1140,'341823','泾　县','341800'),(1141,'341824','绩溪县','341800'),(1142,'341825','旌德县','341800'),(1143,'341881','宁国市','341800'),(1144,'350101','市辖区','350100'),(1145,'350102','鼓楼区','350100'),(1146,'350103','台江区','350100'),(1147,'350104','仓山区','350100'),(1148,'350105','马尾区','350100'),(1149,'350111','晋安区','350100'),(1150,'350121','闽侯县','350100'),(1151,'350122','连江县','350100'),(1152,'350123','罗源县','350100'),(1153,'350124','闽清县','350100'),(1154,'350125','永泰县','350100'),(1155,'350128','平潭县','350100'),(1156,'350181','福清市','350100'),(1157,'350182','长乐市','350100'),(1158,'350201','市辖区','350200'),(1159,'350203','思明区','350200'),(1160,'350205','海沧区','350200'),(1161,'350206','湖里区','350200'),(1162,'350211','集美区','350200'),(1163,'350212','同安区','350200'),(1164,'350213','翔安区','350200'),(1165,'350301','市辖区','350300'),(1166,'350302','城厢区','350300'),(1167,'350303','涵江区','350300'),(1168,'350304','荔城区','350300'),(1169,'350305','秀屿区','350300'),(1170,'350322','仙游县','350300'),(1171,'350401','市辖区','350400'),(1172,'350402','梅列区','350400'),(1173,'350403','三元区','350400'),(1174,'350421','明溪县','350400'),(1175,'350423','清流县','350400'),(1176,'350424','宁化县','350400'),(1177,'350425','大田县','350400'),(1178,'350426','尤溪县','350400'),(1179,'350427','沙　县','350400'),(1180,'350428','将乐县','350400'),(1181,'350429','泰宁县','350400'),(1182,'350430','建宁县','350400'),(1183,'350481','永安市','350400'),(1184,'350501','市辖区','350500'),(1185,'350502','鲤城区','350500'),(1186,'350503','丰泽区','350500'),(1187,'350504','洛江区','350500'),(1188,'350505','泉港区','350500'),(1189,'350521','惠安县','350500'),(1190,'350524','安溪县','350500'),(1191,'350525','永春县','350500'),(1192,'350526','德化县','350500'),(1193,'350527','金门县','350500'),(1194,'350581','石狮市','350500'),(1195,'350582','晋江市','350500'),(1196,'350583','南安市','350500'),(1197,'350601','市辖区','350600'),(1198,'350602','芗城区','350600'),(1199,'350603','龙文区','350600'),(1200,'350622','云霄县','350600'),(1201,'350623','漳浦县','350600'),(1202,'350624','诏安县','350600'),(1203,'350625','长泰县','350600'),(1204,'350626','东山县','350600'),(1205,'350627','南靖县','350600'),(1206,'350628','平和县','350600'),(1207,'350629','华安县','350600'),(1208,'350681','龙海市','350600'),(1209,'350701','市辖区','350700'),(1210,'350702','延平区','350700'),(1211,'350721','顺昌县','350700'),(1212,'350722','浦城县','350700'),(1213,'350723','光泽县','350700'),(1214,'350724','松溪县','350700'),(1215,'350725','政和县','350700'),(1216,'350781','邵武市','350700'),(1217,'350782','武夷山市','350700'),(1218,'350783','建瓯市','350700'),(1219,'350784','建阳市','350700'),(1220,'350801','市辖区','350800'),(1221,'350802','新罗区','350800'),(1222,'350821','长汀县','350800'),(1223,'350822','永定县','350800'),(1224,'350823','上杭县','350800'),(1225,'350824','武平县','350800'),(1226,'350825','连城县','350800'),(1227,'350881','漳平市','350800'),(1228,'350901','市辖区','350900'),(1229,'350902','蕉城区','350900'),(1230,'350921','霞浦县','350900'),(1231,'350922','古田县','350900'),(1232,'350923','屏南县','350900'),(1233,'350924','寿宁县','350900'),(1234,'350925','周宁县','350900'),(1235,'350926','柘荣县','350900'),(1236,'350981','福安市','350900'),(1237,'350982','福鼎市','350900'),(1238,'360101','市辖区','360100'),(1239,'360102','东湖区','360100'),(1240,'360103','西湖区','360100'),(1241,'360104','青云谱区','360100'),(1242,'360105','湾里区','360100'),(1243,'360111','青山湖区','360100'),(1244,'360121','南昌县','360100'),(1245,'360122','新建县','360100'),(1246,'360123','安义县','360100'),(1247,'360124','进贤县','360100'),(1248,'360201','市辖区','360200'),(1249,'360202','昌江区','360200'),(1250,'360203','珠山区','360200'),(1251,'360222','浮梁县','360200'),(1252,'360281','乐平市','360200'),(1253,'360301','市辖区','360300'),(1254,'360302','安源区','360300'),(1255,'360313','湘东区','360300'),(1256,'360321','莲花县','360300'),(1257,'360322','上栗县','360300'),(1258,'360323','芦溪县','360300'),(1259,'360401','市辖区','360400'),(1260,'360402','庐山区','360400'),(1261,'360403','浔阳区','360400'),(1262,'360421','九江县','360400'),(1263,'360423','武宁县','360400'),(1264,'360424','修水县','360400'),(1265,'360425','永修县','360400'),(1266,'360426','德安县','360400'),(1267,'360427','星子县','360400'),(1268,'360428','都昌县','360400'),(1269,'360429','湖口县','360400'),(1270,'360430','彭泽县','360400'),(1271,'360481','瑞昌市','360400'),(1272,'360501','市辖区','360500'),(1273,'360502','渝水区','360500'),(1274,'360521','分宜县','360500'),(1275,'360601','市辖区','360600'),(1276,'360602','月湖区','360600'),(1277,'360622','余江县','360600'),(1278,'360681','贵溪市','360600'),(1279,'360701','市辖区','360700'),(1280,'360702','章贡区','360700'),(1281,'360721','赣　县','360700'),(1282,'360722','信丰县','360700'),(1283,'360723','大余县','360700'),(1284,'360724','上犹县','360700'),(1285,'360725','崇义县','360700'),(1286,'360726','安远县','360700'),(1287,'360727','龙南县','360700'),(1288,'360728','定南县','360700'),(1289,'360729','全南县','360700'),(1290,'360730','宁都县','360700'),(1291,'360731','于都县','360700'),(1292,'360732','兴国县','360700'),(1293,'360733','会昌县','360700'),(1294,'360734','寻乌县','360700'),(1295,'360735','石城县','360700'),(1296,'360781','瑞金市','360700'),(1297,'360782','南康市','360700'),(1298,'360801','市辖区','360800'),(1299,'360802','吉州区','360800'),(1300,'360803','青原区','360800'),(1301,'360821','吉安县','360800'),(1302,'360822','吉水县','360800'),(1303,'360823','峡江县','360800'),(1304,'360824','新干县','360800'),(1305,'360825','永丰县','360800'),(1306,'360826','泰和县','360800'),(1307,'360827','遂川县','360800'),(1308,'360828','万安县','360800'),(1309,'360829','安福县','360800'),(1310,'360830','永新县','360800'),(1311,'360881','井冈山市','360800'),(1312,'360901','市辖区','360900'),(1313,'360902','袁州区','360900'),(1314,'360921','奉新县','360900'),(1315,'360922','万载县','360900'),(1316,'360923','上高县','360900'),(1317,'360924','宜丰县','360900'),(1318,'360925','靖安县','360900'),(1319,'360926','铜鼓县','360900'),(1320,'360981','丰城市','360900'),(1321,'360982','樟树市','360900'),(1322,'360983','高安市','360900'),(1323,'361001','市辖区','361000'),(1324,'361002','临川区','361000'),(1325,'361021','南城县','361000'),(1326,'361022','黎川县','361000'),(1327,'361023','南丰县','361000'),(1328,'361024','崇仁县','361000'),(1329,'361025','乐安县','361000'),(1330,'361026','宜黄县','361000'),(1331,'361027','金溪县','361000'),(1332,'361028','资溪县','361000'),(1333,'361029','东乡县','361000'),(1334,'361030','广昌县','361000'),(1335,'361101','市辖区','361100'),(1336,'361102','信州区','361100'),(1337,'361121','上饶县','361100'),(1338,'361122','广丰县','361100'),(1339,'361123','玉山县','361100'),(1340,'361124','铅山县','361100'),(1341,'361125','横峰县','361100'),(1342,'361126','弋阳县','361100'),(1343,'361127','余干县','361100'),(1344,'361128','鄱阳县','361100'),(1345,'361129','万年县','361100'),(1346,'361130','婺源县','361100'),(1347,'361181','德兴市','361100'),(1348,'370101','市辖区','370100'),(1349,'370102','历下区','370100'),(1350,'370103','市中区','370100'),(1351,'370104','槐荫区','370100'),(1352,'370105','天桥区','370100'),(1353,'370112','历城区','370100'),(1354,'370113','长清区','370100'),(1355,'370124','平阴县','370100'),(1356,'370125','济阳县','370100'),(1357,'370126','商河县','370100'),(1358,'370181','章丘市','370100'),(1359,'370201','市辖区','370200'),(1360,'370202','市南区','370200'),(1361,'370203','市北区','370200'),(1362,'370205','四方区','370200'),(1363,'370211','黄岛区','370200'),(1364,'370212','崂山区','370200'),(1365,'370213','李沧区','370200'),(1366,'370214','城阳区','370200'),(1367,'370281','胶州市','370200'),(1368,'370282','即墨市','370200'),(1369,'370283','平度市','370200'),(1370,'370284','胶南市','370200'),(1371,'370285','莱西市','370200'),(1372,'370301','市辖区','370300'),(1373,'370302','淄川区','370300'),(1374,'370303','张店区','370300'),(1375,'370304','博山区','370300'),(1376,'370305','临淄区','370300'),(1377,'370306','周村区','370300'),(1378,'370321','桓台县','370300'),(1379,'370322','高青县','370300'),(1380,'370323','沂源县','370300'),(1381,'370401','市辖区','370400'),(1382,'370402','市中区','370400'),(1383,'370403','薛城区','370400'),(1384,'370404','峄城区','370400'),(1385,'370405','台儿庄区','370400'),(1386,'370406','山亭区','370400'),(1387,'370481','滕州市','370400'),(1388,'370501','市辖区','370500'),(1389,'370502','东营区','370500'),(1390,'370503','河口区','370500'),(1391,'370521','垦利县','370500'),(1392,'370522','利津县','370500'),(1393,'370523','广饶县','370500'),(1394,'370601','市辖区','370600'),(1395,'370602','芝罘区','370600'),(1396,'370611','福山区','370600'),(1397,'370612','牟平区','370600'),(1398,'370613','莱山区','370600'),(1399,'370634','长岛县','370600'),(1400,'370681','龙口市','370600'),(1401,'370682','莱阳市','370600'),(1402,'370683','莱州市','370600'),(1403,'370684','蓬莱市','370600'),(1404,'370685','招远市','370600'),(1405,'370686','栖霞市','370600'),(1406,'370687','海阳市','370600'),(1407,'370701','市辖区','370700'),(1408,'370702','潍城区','370700'),(1409,'370703','寒亭区','370700'),(1410,'370704','坊子区','370700'),(1411,'370705','奎文区','370700'),(1412,'370724','临朐县','370700'),(1413,'370725','昌乐县','370700'),(1414,'370781','青州市','370700'),(1415,'370782','诸城市','370700'),(1416,'370783','寿光市','370700'),(1417,'370784','安丘市','370700'),(1418,'370785','高密市','370700'),(1419,'370786','昌邑市','370700'),(1420,'370801','市辖区','370800'),(1421,'370802','市中区','370800'),(1422,'370811','任城区','370800'),(1423,'370826','微山县','370800'),(1424,'370827','鱼台县','370800'),(1425,'370828','金乡县','370800'),(1426,'370829','嘉祥县','370800'),(1427,'370830','汶上县','370800'),(1428,'370831','泗水县','370800'),(1429,'370832','梁山县','370800'),(1430,'370881','曲阜市','370800'),(1431,'370882','兖州市','370800'),(1432,'370883','邹城市','370800'),(1433,'370901','市辖区','370900'),(1434,'370902','泰山区','370900'),(1435,'370903','岱岳区','370900'),(1436,'370921','宁阳县','370900'),(1437,'370923','东平县','370900'),(1438,'370982','新泰市','370900'),(1439,'370983','肥城市','370900'),(1440,'371001','市辖区','371000'),(1441,'371002','环翠区','371000'),(1442,'371081','文登市','371000'),(1443,'371082','荣成市','371000'),(1444,'371083','乳山市','371000'),(1445,'371101','市辖区','371100'),(1446,'371102','东港区','371100'),(1447,'371103','岚山区','371100'),(1448,'371121','五莲县','371100'),(1449,'371122','莒　县','371100'),(1450,'371201','市辖区','371200'),(1451,'371202','莱城区','371200'),(1452,'371203','钢城区','371200'),(1453,'371301','市辖区','371300'),(1454,'371302','兰山区','371300'),(1455,'371311','罗庄区','371300'),(1456,'371312','河东区','371300'),(1457,'371321','沂南县','371300'),(1458,'371322','郯城县','371300'),(1459,'371323','沂水县','371300'),(1460,'371324','苍山县','371300'),(1461,'371325','费　县','371300'),(1462,'371326','平邑县','371300'),(1463,'371327','莒南县','371300'),(1464,'371328','蒙阴县','371300'),(1465,'371329','临沭县','371300'),(1466,'371401','市辖区','371400'),(1467,'371402','德城区','371400'),(1468,'371421','陵　县','371400'),(1469,'371422','宁津县','371400'),(1470,'371423','庆云县','371400'),(1471,'371424','临邑县','371400'),(1472,'371425','齐河县','371400'),(1473,'371426','平原县','371400'),(1474,'371427','夏津县','371400'),(1475,'371428','武城县','371400'),(1476,'371481','乐陵市','371400'),(1477,'371482','禹城市','371400'),(1478,'371501','市辖区','371500'),(1479,'371502','东昌府区','371500'),(1480,'371521','阳谷县','371500'),(1481,'371522','莘　县','371500'),(1482,'371523','茌平县','371500'),(1483,'371524','东阿县','371500'),(1484,'371525','冠　县','371500'),(1485,'371526','高唐县','371500'),(1486,'371581','临清市','371500'),(1487,'371601','市辖区','371600'),(1488,'371602','滨城区','371600'),(1489,'371621','惠民县','371600'),(1490,'371622','阳信县','371600'),(1491,'371623','无棣县','371600'),(1492,'371624','沾化县','371600'),(1493,'371625','博兴县','371600'),(1494,'371626','邹平县','371600'),(1495,'371701','市辖区','371700'),(1496,'371702','牡丹区','371700'),(1497,'371721','曹　县','371700'),(1498,'371722','单　县','371700'),(1499,'371723','成武县','371700'),(1500,'371724','巨野县','371700'),(1501,'371725','郓城县','371700'),(1502,'371726','鄄城县','371700'),(1503,'371727','定陶县','371700'),(1504,'371728','东明县','371700'),(1505,'410101','市辖区','410100'),(1506,'410102','中原区','410100'),(1507,'410103','二七区','410100'),(1508,'410104','管城回族区','410100'),(1509,'410105','金水区','410100'),(1510,'410106','上街区','410100'),(1511,'410108','邙山区','410100'),(1512,'410122','中牟县','410100'),(1513,'410181','巩义市','410100'),(1514,'410182','荥阳市','410100'),(1515,'410183','新密市','410100'),(1516,'410184','新郑市','410100'),(1517,'410185','登封市','410100'),(1518,'410201','市辖区','410200'),(1519,'410202','龙亭区','410200'),(1520,'410203','顺河回族区','410200'),(1521,'410204','鼓楼区','410200'),(1522,'410205','南关区','410200'),(1523,'410211','郊　区','410200'),(1524,'410221','杞　县','410200'),(1525,'410222','通许县','410200'),(1526,'410223','尉氏县','410200'),(1527,'410224','开封县','410200'),(1528,'410225','兰考县','410200'),(1529,'410301','市辖区','410300'),(1530,'410302','老城区','410300'),(1531,'410303','西工区','410300'),(1532,'410304','廛河回族区','410300'),(1533,'410305','涧西区','410300'),(1534,'410306','吉利区','410300'),(1535,'410307','洛龙区','410300'),(1536,'410322','孟津县','410300'),(1537,'410323','新安县','410300'),(1538,'410324','栾川县','410300'),(1539,'410325','嵩　县','410300'),(1540,'410326','汝阳县','410300'),(1541,'410327','宜阳县','410300'),(1542,'410328','洛宁县','410300'),(1543,'410329','伊川县','410300'),(1544,'410381','偃师市','410300'),(1545,'410401','市辖区','410400'),(1546,'410402','新华区','410400'),(1547,'410403','卫东区','410400'),(1548,'410404','石龙区','410400'),(1549,'410411','湛河区','410400'),(1550,'410421','宝丰县','410400'),(1551,'410422','叶　县','410400'),(1552,'410423','鲁山县','410400'),(1553,'410425','郏　县','410400'),(1554,'410481','舞钢市','410400'),(1555,'410482','汝州市','410400'),(1556,'410501','市辖区','410500'),(1557,'410502','文峰区','410500'),(1558,'410503','北关区','410500'),(1559,'410505','殷都区','410500'),(1560,'410506','龙安区','410500'),(1561,'410522','安阳县','410500'),(1562,'410523','汤阴县','410500'),(1563,'410526','滑　县','410500'),(1564,'410527','内黄县','410500'),(1565,'410581','林州市','410500'),(1566,'410601','市辖区','410600'),(1567,'410602','鹤山区','410600'),(1568,'410603','山城区','410600'),(1569,'410611','淇滨区','410600'),(1570,'410621','浚　县','410600'),(1571,'410622','淇　县','410600'),(1572,'410701','市辖区','410700'),(1573,'410702','红旗区','410700'),(1574,'410703','卫滨区','410700'),(1575,'410704','凤泉区','410700'),(1576,'410711','牧野区','410700'),(1577,'410721','新乡县','410700'),(1578,'410724','获嘉县','410700'),(1579,'410725','原阳县','410700'),(1580,'410726','延津县','410700'),(1581,'410727','封丘县','410700'),(1582,'410728','长垣县','410700'),(1583,'410781','卫辉市','410700'),(1584,'410782','辉县市','410700'),(1585,'410801','市辖区','410800'),(1586,'410802','解放区','410800'),(1587,'410803','中站区','410800'),(1588,'410804','马村区','410800'),(1589,'410811','山阳区','410800'),(1590,'410821','修武县','410800'),(1591,'410822','博爱县','410800'),(1592,'410823','武陟县','410800'),(1593,'410825','温　县','410800'),(1594,'410881','济源市','410800'),(1595,'410882','沁阳市','410800'),(1596,'410883','孟州市','410800'),(1597,'410901','市辖区','410900'),(1598,'410902','华龙区','410900'),(1599,'410922','清丰县','410900'),(1600,'410923','南乐县','410900'),(1601,'410926','范　县','410900'),(1602,'410927','台前县','410900'),(1603,'410928','濮阳县','410900'),(1604,'411001','市辖区','411000'),(1605,'411002','魏都区','411000'),(1606,'411023','许昌县','411000'),(1607,'411024','鄢陵县','411000'),(1608,'411025','襄城县','411000'),(1609,'411081','禹州市','411000'),(1610,'411082','长葛市','411000'),(1611,'411101','市辖区','411100'),(1612,'411102','源汇区','411100'),(1613,'411103','郾城区','411100'),(1614,'411104','召陵区','411100'),(1615,'411121','舞阳县','411100'),(1616,'411122','临颍县','411100'),(1617,'411201','市辖区','411200'),(1618,'411202','湖滨区','411200'),(1619,'411221','渑池县','411200'),(1620,'411222','陕　县','411200'),(1621,'411224','卢氏县','411200'),(1622,'411281','义马市','411200'),(1623,'411282','灵宝市','411200'),(1624,'411301','市辖区','411300'),(1625,'411302','宛城区','411300'),(1626,'411303','卧龙区','411300'),(1627,'411321','南召县','411300'),(1628,'411322','方城县','411300'),(1629,'411323','西峡县','411300'),(1630,'411324','镇平县','411300'),(1631,'411325','内乡县','411300'),(1632,'411326','淅川县','411300'),(1633,'411327','社旗县','411300'),(1634,'411328','唐河县','411300'),(1635,'411329','新野县','411300'),(1636,'411330','桐柏县','411300'),(1637,'411381','邓州市','411300'),(1638,'411401','市辖区','411400'),(1639,'411402','梁园区','411400'),(1640,'411403','睢阳区','411400'),(1641,'411421','民权县','411400'),(1642,'411422','睢　县','411400'),(1643,'411423','宁陵县','411400'),(1644,'411424','柘城县','411400'),(1645,'411425','虞城县','411400'),(1646,'411426','夏邑县','411400'),(1647,'411481','永城市','411400'),(1648,'411501','市辖区','411500'),(1649,'411502','师河区','411500'),(1650,'411503','平桥区','411500'),(1651,'411521','罗山县','411500'),(1652,'411522','光山县','411500'),(1653,'411523','新　县','411500'),(1654,'411524','商城县','411500'),(1655,'411525','固始县','411500'),(1656,'411526','潢川县','411500'),(1657,'411527','淮滨县','411500'),(1658,'411528','息　县','411500'),(1659,'411601','市辖区','411600'),(1660,'411602','川汇区','411600'),(1661,'411621','扶沟县','411600'),(1662,'411622','西华县','411600'),(1663,'411623','商水县','411600'),(1664,'411624','沈丘县','411600'),(1665,'411625','郸城县','411600'),(1666,'411626','淮阳县','411600'),(1667,'411627','太康县','411600'),(1668,'411628','鹿邑县','411600'),(1669,'411681','项城市','411600'),(1670,'411701','市辖区','411700'),(1671,'411702','驿城区','411700'),(1672,'411721','西平县','411700'),(1673,'411722','上蔡县','411700'),(1674,'411723','平舆县','411700'),(1675,'411724','正阳县','411700'),(1676,'411725','确山县','411700'),(1677,'411726','泌阳县','411700'),(1678,'411727','汝南县','411700'),(1679,'411728','遂平县','411700'),(1680,'411729','新蔡县','411700'),(1681,'420101','市辖区','420100'),(1682,'420102','江岸区','420100'),(1683,'420103','江汉区','420100'),(1684,'420104','乔口区','420100'),(1685,'420105','汉阳区','420100'),(1686,'420106','武昌区','420100'),(1687,'420107','青山区','420100'),(1688,'420111','洪山区','420100'),(1689,'420112','东西湖区','420100'),(1690,'420113','汉南区','420100'),(1691,'420114','蔡甸区','420100'),(1692,'420115','江夏区','420100'),(1693,'420116','黄陂区','420100'),(1694,'420117','新洲区','420100'),(1695,'420201','市辖区','420200'),(1696,'420202','黄石港区','420200'),(1697,'420203','西塞山区','420200'),(1698,'420204','下陆区','420200'),(1699,'420205','铁山区','420200'),(1700,'420222','阳新县','420200'),(1701,'420281','大冶市','420200'),(1702,'420301','市辖区','420300'),(1703,'420302','茅箭区','420300'),(1704,'420303','张湾区','420300'),(1705,'420321','郧　县','420300'),(1706,'420322','郧西县','420300'),(1707,'420323','竹山县','420300'),(1708,'420324','竹溪县','420300'),(1709,'420325','房　县','420300'),(1710,'420381','丹江口市','420300'),(1711,'420501','市辖区','420500'),(1712,'420502','西陵区','420500'),(1713,'420503','伍家岗区','420500'),(1714,'420504','点军区','420500'),(1715,'420505','猇亭区','420500'),(1716,'420506','夷陵区','420500'),(1717,'420525','远安县','420500'),(1718,'420526','兴山县','420500'),(1719,'420527','秭归县','420500'),(1720,'420528','长阳土家族自治县','420500'),(1721,'420529','五峰土家族自治县','420500'),(1722,'420581','宜都市','420500'),(1723,'420582','当阳市','420500'),(1724,'420583','枝江市','420500'),(1725,'420601','市辖区','420600'),(1726,'420602','襄城区','420600'),(1727,'420606','樊城区','420600'),(1728,'420607','襄阳区','420600'),(1729,'420624','南漳县','420600'),(1730,'420625','谷城县','420600'),(1731,'420626','保康县','420600'),(1732,'420682','老河口市','420600'),(1733,'420683','枣阳市','420600'),(1734,'420684','宜城市','420600'),(1735,'420701','市辖区','420700'),(1736,'420702','梁子湖区','420700'),(1737,'420703','华容区','420700'),(1738,'420704','鄂城区','420700'),(1739,'420801','市辖区','420800'),(1740,'420802','东宝区','420800'),(1741,'420804','掇刀区','420800'),(1742,'420821','京山县','420800'),(1743,'420822','沙洋县','420800'),(1744,'420881','钟祥市','420800'),(1745,'420901','市辖区','420900'),(1746,'420902','孝南区','420900'),(1747,'420921','孝昌县','420900'),(1748,'420922','大悟县','420900'),(1749,'420923','云梦县','420900'),(1750,'420981','应城市','420900'),(1751,'420982','安陆市','420900'),(1752,'420984','汉川市','420900'),(1753,'421001','市辖区','421000'),(1754,'421002','沙市区','421000'),(1755,'421003','荆州区','421000'),(1756,'421022','公安县','421000'),(1757,'421023','监利县','421000'),(1758,'421024','江陵县','421000'),(1759,'421081','石首市','421000'),(1760,'421083','洪湖市','421000'),(1761,'421087','松滋市','421000'),(1762,'421101','市辖区','421100'),(1763,'421102','黄州区','421100'),(1764,'421121','团风县','421100'),(1765,'421122','红安县','421100'),(1766,'421123','罗田县','421100'),(1767,'421124','英山县','421100'),(1768,'421125','浠水县','421100'),(1769,'421126','蕲春县','421100'),(1770,'421127','黄梅县','421100'),(1771,'421181','麻城市','421100'),(1772,'421182','武穴市','421100'),(1773,'421201','市辖区','421200'),(1774,'421202','咸安区','421200'),(1775,'421221','嘉鱼县','421200'),(1776,'421222','通城县','421200'),(1777,'421223','崇阳县','421200'),(1778,'421224','通山县','421200'),(1779,'421281','赤壁市','421200'),(1780,'421301','市辖区','421300'),(1781,'421302','曾都区','421300'),(1782,'421381','广水市','421300'),(1783,'422801','恩施市','422800'),(1784,'422802','利川市','422800'),(1785,'422822','建始县','422800'),(1786,'422823','巴东县','422800'),(1787,'422825','宣恩县','422800'),(1788,'422826','咸丰县','422800'),(1789,'422827','来凤县','422800'),(1790,'422828','鹤峰县','422800'),(1791,'429004','仙桃市','429000'),(1792,'429005','潜江市','429000'),(1793,'429006','天门市','429000'),(1794,'429021','神农架林区','429000'),(1795,'430101','市辖区','430100'),(1796,'430102','芙蓉区','430100'),(1797,'430103','天心区','430100'),(1798,'430104','岳麓区','430100'),(1799,'430105','开福区','430100'),(1800,'430111','雨花区','430100'),(1801,'430121','长沙县','430100'),(1802,'430122','望城县','430100'),(1803,'430124','宁乡县','430100'),(1804,'430181','浏阳市','430100'),(1805,'430201','市辖区','430200'),(1806,'430202','荷塘区','430200'),(1807,'430203','芦淞区','430200'),(1808,'430204','石峰区','430200'),(1809,'430211','天元区','430200'),(1810,'430221','株洲县','430200'),(1811,'430223','攸　县','430200'),(1812,'430224','茶陵县','430200'),(1813,'430225','炎陵县','430200'),(1814,'430281','醴陵市','430200'),(1815,'430301','市辖区','430300'),(1816,'430302','雨湖区','430300'),(1817,'430304','岳塘区','430300'),(1818,'430321','湘潭县','430300'),(1819,'430381','湘乡市','430300'),(1820,'430382','韶山市','430300'),(1821,'430401','市辖区','430400'),(1822,'430405','珠晖区','430400'),(1823,'430406','雁峰区','430400'),(1824,'430407','石鼓区','430400'),(1825,'430408','蒸湘区','430400'),(1826,'430412','南岳区','430400'),(1827,'430421','衡阳县','430400'),(1828,'430422','衡南县','430400'),(1829,'430423','衡山县','430400'),(1830,'430424','衡东县','430400'),(1831,'430426','祁东县','430400'),(1832,'430481','耒阳市','430400'),(1833,'430482','常宁市','430400'),(1834,'430501','市辖区','430500'),(1835,'430502','双清区','430500'),(1836,'430503','大祥区','430500'),(1837,'430511','北塔区','430500'),(1838,'430521','邵东县','430500'),(1839,'430522','新邵县','430500'),(1840,'430523','邵阳县','430500'),(1841,'430524','隆回县','430500'),(1842,'430525','洞口县','430500'),(1843,'430527','绥宁县','430500'),(1844,'430528','新宁县','430500'),(1845,'430529','城步苗族自治县','430500'),(1846,'430581','武冈市','430500'),(1847,'430601','市辖区','430600'),(1848,'430602','岳阳楼区','430600'),(1849,'430603','云溪区','430600'),(1850,'430611','君山区','430600'),(1851,'430621','岳阳县','430600'),(1852,'430623','华容县','430600'),(1853,'430624','湘阴县','430600'),(1854,'430626','平江县','430600'),(1855,'430681','汨罗市','430600'),(1856,'430682','临湘市','430600'),(1857,'430701','市辖区','430700'),(1858,'430702','武陵区','430700'),(1859,'430703','鼎城区','430700'),(1860,'430721','安乡县','430700'),(1861,'430722','汉寿县','430700'),(1862,'430723','澧　县','430700'),(1863,'430724','临澧县','430700'),(1864,'430725','桃源县','430700'),(1865,'430726','石门县','430700'),(1866,'430781','津市市','430700'),(1867,'430801','市辖区','430800'),(1868,'430802','永定区','430800'),(1869,'430811','武陵源区','430800'),(1870,'430821','慈利县','430800'),(1871,'430822','桑植县','430800'),(1872,'430901','市辖区','430900'),(1873,'430902','资阳区','430900'),(1874,'430903','赫山区','430900'),(1875,'430921','南　县','430900'),(1876,'430922','桃江县','430900'),(1877,'430923','安化县','430900'),(1878,'430981','沅江市','430900'),(1879,'431001','市辖区','431000'),(1880,'431002','北湖区','431000'),(1881,'431003','苏仙区','431000'),(1882,'431021','桂阳县','431000'),(1883,'431022','宜章县','431000'),(1884,'431023','永兴县','431000'),(1885,'431024','嘉禾县','431000'),(1886,'431025','临武县','431000'),(1887,'431026','汝城县','431000'),(1888,'431027','桂东县','431000'),(1889,'431028','安仁县','431000'),(1890,'431081','资兴市','431000'),(1891,'431101','市辖区','431100'),(1892,'431102','芝山区','431100'),(1893,'431103','冷水滩区','431100'),(1894,'431121','祁阳县','431100'),(1895,'431122','东安县','431100'),(1896,'431123','双牌县','431100'),(1897,'431124','道　县','431100'),(1898,'431125','江永县','431100'),(1899,'431126','宁远县','431100'),(1900,'431127','蓝山县','431100'),(1901,'431128','新田县','431100'),(1902,'431129','江华瑶族自治县','431100'),(1903,'431201','市辖区','431200'),(1904,'431202','鹤城区','431200'),(1905,'431221','中方县','431200'),(1906,'431222','沅陵县','431200'),(1907,'431223','辰溪县','431200'),(1908,'431224','溆浦县','431200'),(1909,'431225','会同县','431200'),(1910,'431226','麻阳苗族自治县','431200'),(1911,'431227','新晃侗族自治县','431200'),(1912,'431228','芷江侗族自治县','431200'),(1913,'431229','靖州苗族侗族自治县','431200'),(1914,'431230','通道侗族自治县','431200'),(1915,'431281','洪江市','431200'),(1916,'431301','市辖区','431300'),(1917,'431302','娄星区','431300'),(1918,'431321','双峰县','431300'),(1919,'431322','新化县','431300'),(1920,'431381','冷水江市','431300'),(1921,'431382','涟源市','431300'),(1922,'433101','吉首市','433100'),(1923,'433122','泸溪县','433100'),(1924,'433123','凤凰县','433100'),(1925,'433124','花垣县','433100'),(1926,'433125','保靖县','433100'),(1927,'433126','古丈县','433100'),(1928,'433127','永顺县','433100'),(1929,'433130','龙山县','433100'),(1930,'440101','市辖区','440100'),(1931,'440102','东山区','440100'),(1932,'440103','荔湾区','440100'),(1933,'440104','越秀区','440100'),(1934,'440105','海珠区','440100'),(1935,'440106','天河区','440100'),(1936,'440107','芳村区','440100'),(1937,'440111','白云区','440100'),(1938,'440112','黄埔区','440100'),(1939,'440113','番禺区','440100'),(1940,'440114','花都区','440100'),(1941,'440183','增城市','440100'),(1942,'440184','从化市','440100'),(1943,'440201','市辖区','440200'),(1944,'440203','武江区','440200'),(1945,'440204','浈江区','440200'),(1946,'440205','曲江区','440200'),(1947,'440222','始兴县','440200'),(1948,'440224','仁化县','440200'),(1949,'440229','翁源县','440200'),(1950,'440232','乳源瑶族自治县','440200'),(1951,'440233','新丰县','440200'),(1952,'440281','乐昌市','440200'),(1953,'440282','南雄市','440200'),(1954,'440301','市辖区','440300'),(1955,'440303','罗湖区','440300'),(1956,'440304','福田区','440300'),(1957,'440305','南山区','440300'),(1958,'440306','宝安区','440300'),(1959,'440307','龙岗区','440300'),(1960,'440308','盐田区','440300'),(1961,'440401','市辖区','440400'),(1962,'440402','香洲区','440400'),(1963,'440403','斗门区','440400'),(1964,'440404','金湾区','440400'),(1965,'440501','市辖区','440500'),(1966,'440507','龙湖区','440500'),(1967,'440511','金平区','440500'),(1968,'440512','濠江区','440500'),(1969,'440513','潮阳区','440500'),(1970,'440514','潮南区','440500'),(1971,'440515','澄海区','440500'),(1972,'440523','南澳县','440500'),(1973,'440601','市辖区','440600'),(1974,'440604','禅城区','440600'),(1975,'440605','南海区','440600'),(1976,'440606','顺德区','440600'),(1977,'440607','三水区','440600'),(1978,'440608','高明区','440600'),(1979,'440701','市辖区','440700'),(1980,'440703','蓬江区','440700'),(1981,'440704','江海区','440700'),(1982,'440705','新会区','440700'),(1983,'440781','台山市','440700'),(1984,'440783','开平市','440700'),(1985,'440784','鹤山市','440700'),(1986,'440785','恩平市','440700'),(1987,'440801','市辖区','440800'),(1988,'440802','赤坎区','440800'),(1989,'440803','霞山区','440800'),(1990,'440804','坡头区','440800'),(1991,'440811','麻章区','440800'),(1992,'440823','遂溪县','440800'),(1993,'440825','徐闻县','440800'),(1994,'440881','廉江市','440800'),(1995,'440882','雷州市','440800'),(1996,'440883','吴川市','440800'),(1997,'440901','市辖区','440900'),(1998,'440902','茂南区','440900'),(1999,'440903','茂港区','440900'),(2000,'440923','电白县','440900'),(2001,'440981','高州市','440900'),(2002,'440982','化州市','440900'),(2003,'440983','信宜市','440900'),(2004,'441201','市辖区','441200'),(2005,'441202','端州区','441200'),(2006,'441203','鼎湖区','441200'),(2007,'441223','广宁县','441200'),(2008,'441224','怀集县','441200'),(2009,'441225','封开县','441200'),(2010,'441226','德庆县','441200'),(2011,'441283','高要市','441200'),(2012,'441284','四会市','441200'),(2013,'441301','市辖区','441300'),(2014,'441302','惠城区','441300'),(2015,'441303','惠阳区','441300'),(2016,'441322','博罗县','441300'),(2017,'441323','惠东县','441300'),(2018,'441324','龙门县','441300'),(2019,'441401','市辖区','441400'),(2020,'441402','梅江区','441400'),(2021,'441421','梅　县','441400'),(2022,'441422','大埔县','441400'),(2023,'441423','丰顺县','441400'),(2024,'441424','五华县','441400'),(2025,'441426','平远县','441400'),(2026,'441427','蕉岭县','441400'),(2027,'441481','兴宁市','441400'),(2028,'441501','市辖区','441500'),(2029,'441502','城　区','441500'),(2030,'441521','海丰县','441500'),(2031,'441523','陆河县','441500'),(2032,'441581','陆丰市','441500'),(2033,'441601','市辖区','441600'),(2034,'441602','源城区','441600'),(2035,'441621','紫金县','441600'),(2036,'441622','龙川县','441600'),(2037,'441623','连平县','441600'),(2038,'441624','和平县','441600'),(2039,'441625','东源县','441600'),(2040,'441701','市辖区','441700'),(2041,'441702','江城区','441700'),(2042,'441721','阳西县','441700'),(2043,'441723','阳东县','441700'),(2044,'441781','阳春市','441700'),(2045,'441801','市辖区','441800'),(2046,'441802','清城区','441800'),(2047,'441821','佛冈县','441800'),(2048,'441823','阳山县','441800'),(2049,'441825','连山壮族瑶族自治县','441800'),(2050,'441826','连南瑶族自治县','441800'),(2051,'441827','清新县','441800'),(2052,'441881','英德市','441800'),(2053,'441882','连州市','441800'),(2054,'445101','市辖区','445100'),(2055,'445102','湘桥区','445100'),(2056,'445121','潮安县','445100'),(2057,'445122','饶平县','445100'),(2058,'445201','市辖区','445200'),(2059,'445202','榕城区','445200'),(2060,'445221','揭东县','445200'),(2061,'445222','揭西县','445200'),(2062,'445224','惠来县','445200'),(2063,'445281','普宁市','445200'),(2064,'445301','市辖区','445300'),(2065,'445302','云城区','445300'),(2066,'445321','新兴县','445300'),(2067,'445322','郁南县','445300'),(2068,'445323','云安县','445300'),(2069,'445381','罗定市','445300'),(2070,'450101','市辖区','450100'),(2071,'450102','兴宁区','450100'),(2072,'450103','青秀区','450100'),(2073,'450105','江南区','450100'),(2074,'450107','西乡塘区','450100'),(2075,'450108','良庆区','450100'),(2076,'450109','邕宁区','450100'),(2077,'450122','武鸣县','450100'),(2078,'450123','隆安县','450100'),(2079,'450124','马山县','450100'),(2080,'450125','上林县','450100'),(2081,'450126','宾阳县','450100'),(2082,'450127','横　县','450100'),(2083,'450201','市辖区','450200'),(2084,'450202','城中区','450200'),(2085,'450203','鱼峰区','450200'),(2086,'450204','柳南区','450200'),(2087,'450205','柳北区','450200'),(2088,'450221','柳江县','450200'),(2089,'450222','柳城县','450200'),(2090,'450223','鹿寨县','450200'),(2091,'450224','融安县','450200'),(2092,'450225','融水苗族自治县','450200'),(2093,'450226','三江侗族自治县','450200'),(2094,'450301','市辖区','450300'),(2095,'450302','秀峰区','450300'),(2096,'450303','叠彩区','450300'),(2097,'450304','象山区','450300'),(2098,'450305','七星区','450300'),(2099,'450311','雁山区','450300'),(2100,'450321','阳朔县','450300'),(2101,'450322','临桂县','450300'),(2102,'450323','灵川县','450300'),(2103,'450324','全州县','450300'),(2104,'450325','兴安县','450300'),(2105,'450326','永福县','450300'),(2106,'450327','灌阳县','450300'),(2107,'450328','龙胜各族自治县','450300'),(2108,'450329','资源县','450300'),(2109,'450330','平乐县','450300'),(2110,'450331','荔蒲县','450300'),(2111,'450332','恭城瑶族自治县','450300'),(2112,'450401','市辖区','450400'),(2113,'450403','万秀区','450400'),(2114,'450404','蝶山区','450400'),(2115,'450405','长洲区','450400'),(2116,'450421','苍梧县','450400'),(2117,'450422','藤　县','450400'),(2118,'450423','蒙山县','450400'),(2119,'450481','岑溪市','450400'),(2120,'450501','市辖区','450500'),(2121,'450502','海城区','450500'),(2122,'450503','银海区','450500'),(2123,'450512','铁山港区','450500'),(2124,'450521','合浦县','450500'),(2125,'450601','市辖区','450600'),(2126,'450602','港口区','450600'),(2127,'450603','防城区','450600'),(2128,'450621','上思县','450600'),(2129,'450681','东兴市','450600'),(2130,'450701','市辖区','450700'),(2131,'450702','钦南区','450700'),(2132,'450703','钦北区','450700'),(2133,'450721','灵山县','450700'),(2134,'450722','浦北县','450700'),(2135,'450801','市辖区','450800'),(2136,'450802','港北区','450800'),(2137,'450803','港南区','450800'),(2138,'450804','覃塘区','450800'),(2139,'450821','平南县','450800'),(2140,'450881','桂平市','450800'),(2141,'450901','市辖区','450900'),(2142,'450902','玉州区','450900'),(2143,'450921','容　县','450900'),(2144,'450922','陆川县','450900'),(2145,'450923','博白县','450900'),(2146,'450924','兴业县','450900'),(2147,'450981','北流市','450900'),(2148,'451001','市辖区','451000'),(2149,'451002','右江区','451000'),(2150,'451021','田阳县','451000'),(2151,'451022','田东县','451000'),(2152,'451023','平果县','451000'),(2153,'451024','德保县','451000'),(2154,'451025','靖西县','451000'),(2155,'451026','那坡县','451000'),(2156,'451027','凌云县','451000'),(2157,'451028','乐业县','451000'),(2158,'451029','田林县','451000'),(2159,'451030','西林县','451000'),(2160,'451031','隆林各族自治县','451000'),(2161,'451101','市辖区','451100'),(2162,'451102','八步区','451100'),(2163,'451121','昭平县','451100'),(2164,'451122','钟山县','451100'),(2165,'451123','富川瑶族自治县','451100'),(2166,'451201','市辖区','451200'),(2167,'451202','金城江区','451200'),(2168,'451221','南丹县','451200'),(2169,'451222','天峨县','451200'),(2170,'451223','凤山县','451200'),(2171,'451224','东兰县','451200'),(2172,'451225','罗城仫佬族自治县','451200'),(2173,'451226','环江毛南族自治县','451200'),(2174,'451227','巴马瑶族自治县','451200'),(2175,'451228','都安瑶族自治县','451200'),(2176,'451229','大化瑶族自治县','451200'),(2177,'451281','宜州市','451200'),(2178,'451301','市辖区','451300'),(2179,'451302','兴宾区','451300'),(2180,'451321','忻城县','451300'),(2181,'451322','象州县','451300'),(2182,'451323','武宣县','451300'),(2183,'451324','金秀瑶族自治县','451300'),(2184,'451381','合山市','451300'),(2185,'451401','市辖区','451400'),(2186,'451402','江洲区','451400'),(2187,'451421','扶绥县','451400'),(2188,'451422','宁明县','451400'),(2189,'451423','龙州县','451400'),(2190,'451424','大新县','451400'),(2191,'451425','天等县','451400'),(2192,'451481','凭祥市','451400'),(2193,'460101','市辖区','460100'),(2194,'460105','秀英区','460100'),(2195,'460106','龙华区','460100'),(2196,'460107','琼山区','460100'),(2197,'460108','美兰区','460100'),(2198,'460201','市辖区','460200'),(2199,'469001','五指山市','469000'),(2200,'469002','琼海市','469000'),(2201,'469003','儋州市','469000'),(2202,'469005','文昌市','469000'),(2203,'469006','万宁市','469000'),(2204,'469007','东方市','469000'),(2205,'469025','定安县','469000'),(2206,'469026','屯昌县','469000'),(2207,'469027','澄迈县','469000'),(2208,'469028','临高县','469000'),(2209,'469030','白沙黎族自治县','469000'),(2210,'469031','昌江黎族自治县','469000'),(2211,'469033','乐东黎族自治县','469000'),(2212,'469034','陵水黎族自治县','469000'),(2213,'469035','保亭黎族苗族自治县','469000'),(2214,'469036','琼中黎族苗族自治县','469000'),(2215,'469037','西沙群岛','469000'),(2216,'469038','南沙群岛','469000'),(2217,'469039','中沙群岛的岛礁及其海域','469000'),(2218,'500101','万州区','500100'),(2219,'500102','涪陵区','500100'),(2220,'500103','渝中区','500100'),(2221,'500104','大渡口区','500100'),(2222,'500105','江北区','500100'),(2223,'500106','沙坪坝区','500100'),(2224,'500107','九龙坡区','500100'),(2225,'500108','南岸区','500100'),(2226,'500109','北碚区','500100'),(2227,'500110','万盛区','500100'),(2228,'500111','双桥区','500100'),(2229,'500112','渝北区','500100'),(2230,'500113','巴南区','500100'),(2231,'500114','黔江区','500100'),(2232,'500115','长寿区','500100'),(2233,'500222','綦江县','500200'),(2234,'500223','潼南县','500200'),(2235,'500224','铜梁县','500200'),(2236,'500225','大足县','500200'),(2237,'500226','荣昌县','500200'),(2238,'500227','璧山县','500200'),(2239,'500228','梁平县','500200'),(2240,'500229','城口县','500200'),(2241,'500230','丰都县','500200'),(2242,'500231','垫江县','500200'),(2243,'500232','武隆县','500200'),(2244,'500233','忠　县','500200'),(2245,'500234','开　县','500200'),(2246,'500235','云阳县','500200'),(2247,'500236','奉节县','500200'),(2248,'500237','巫山县','500200'),(2249,'500238','巫溪县','500200'),(2250,'500240','石柱土家族自治县','500200'),(2251,'500241','秀山土家族苗族自治县','500200'),(2252,'500242','酉阳土家族苗族自治县','500200'),(2253,'500243','彭水苗族土家族自治县','500200'),(2254,'500381','江津市','500300'),(2255,'500382','合川市','500300'),(2256,'500383','永川市','500300'),(2257,'500384','南川市','500300'),(2258,'510101','市辖区','510100'),(2259,'510104','锦江区','510100'),(2260,'510105','青羊区','510100'),(2261,'510106','金牛区','510100'),(2262,'510107','武侯区','510100'),(2263,'510108','成华区','510100'),(2264,'510112','龙泉驿区','510100'),(2265,'510113','青白江区','510100'),(2266,'510114','新都区','510100'),(2267,'510115','温江区','510100'),(2268,'510121','金堂县','510100'),(2269,'510122','双流县','510100'),(2270,'510124','郫　县','510100'),(2271,'510129','大邑县','510100'),(2272,'510131','蒲江县','510100'),(2273,'510132','新津县','510100'),(2274,'510181','都江堰市','510100'),(2275,'510182','彭州市','510100'),(2276,'510183','邛崃市','510100'),(2277,'510184','崇州市','510100'),(2278,'510301','市辖区','510300'),(2279,'510302','自流井区','510300'),(2280,'510303','贡井区','510300'),(2281,'510304','大安区','510300'),(2282,'510311','沿滩区','510300'),(2283,'510321','荣　县','510300'),(2284,'510322','富顺县','510300'),(2285,'510401','市辖区','510400'),(2286,'510402','东　区','510400'),(2287,'510403','西　区','510400'),(2288,'510411','仁和区','510400'),(2289,'510421','米易县','510400'),(2290,'510422','盐边县','510400'),(2291,'510501','市辖区','510500'),(2292,'510502','江阳区','510500'),(2293,'510503','纳溪区','510500'),(2294,'510504','龙马潭区','510500'),(2295,'510521','泸　县','510500'),(2296,'510522','合江县','510500'),(2297,'510524','叙永县','510500'),(2298,'510525','古蔺县','510500'),(2299,'510601','市辖区','510600'),(2300,'510603','旌阳区','510600'),(2301,'510623','中江县','510600'),(2302,'510626','罗江县','510600'),(2303,'510681','广汉市','510600'),(2304,'510682','什邡市','510600'),(2305,'510683','绵竹市','510600'),(2306,'510701','市辖区','510700'),(2307,'510703','涪城区','510700'),(2308,'510704','游仙区','510700'),(2309,'510722','三台县','510700'),(2310,'510723','盐亭县','510700'),(2311,'510724','安　县','510700'),(2312,'510725','梓潼县','510700'),(2313,'510726','北川羌族自治县','510700'),(2314,'510727','平武县','510700'),(2315,'510781','江油市','510700'),(2316,'510801','市辖区','510800'),(2317,'510802','市中区','510800'),(2318,'510811','元坝区','510800'),(2319,'510812','朝天区','510800'),(2320,'510821','旺苍县','510800'),(2321,'510822','青川县','510800'),(2322,'510823','剑阁县','510800'),(2323,'510824','苍溪县','510800'),(2324,'510901','市辖区','510900'),(2325,'510903','船山区','510900'),(2326,'510904','安居区','510900'),(2327,'510921','蓬溪县','510900'),(2328,'510922','射洪县','510900'),(2329,'510923','大英县','510900'),(2330,'511001','市辖区','511000'),(2331,'511002','市中区','511000'),(2332,'511011','东兴区','511000'),(2333,'511024','威远县','511000'),(2334,'511025','资中县','511000'),(2335,'511028','隆昌县','511000'),(2336,'511101','市辖区','511100'),(2337,'511102','市中区','511100'),(2338,'511111','沙湾区','511100'),(2339,'511112','五通桥区','511100'),(2340,'511113','金口河区','511100'),(2341,'511123','犍为县','511100'),(2342,'511124','井研县','511100'),(2343,'511126','夹江县','511100'),(2344,'511129','沐川县','511100'),(2345,'511132','峨边彝族自治县','511100'),(2346,'511133','马边彝族自治县','511100'),(2347,'511181','峨眉山市','511100'),(2348,'511301','市辖区','511300'),(2349,'511302','顺庆区','511300'),(2350,'511303','高坪区','511300'),(2351,'511304','嘉陵区','511300'),(2352,'511321','南部县','511300'),(2353,'511322','营山县','511300'),(2354,'511323','蓬安县','511300'),(2355,'511324','仪陇县','511300'),(2356,'511325','西充县','511300'),(2357,'511381','阆中市','511300'),(2358,'511401','市辖区','511400'),(2359,'511402','东坡区','511400'),(2360,'511421','仁寿县','511400'),(2361,'511422','彭山县','511400'),(2362,'511423','洪雅县','511400'),(2363,'511424','丹棱县','511400'),(2364,'511425','青神县','511400'),(2365,'511501','市辖区','511500'),(2366,'511502','翠屏区','511500'),(2367,'511521','宜宾县','511500'),(2368,'511522','南溪县','511500'),(2369,'511523','江安县','511500'),(2370,'511524','长宁县','511500'),(2371,'511525','高　县','511500'),(2372,'511526','珙　县','511500'),(2373,'511527','筠连县','511500'),(2374,'511528','兴文县','511500'),(2375,'511529','屏山县','511500'),(2376,'511601','市辖区','511600'),(2377,'511602','广安区','511600'),(2378,'511621','岳池县','511600'),(2379,'511622','武胜县','511600'),(2380,'511623','邻水县','511600'),(2381,'511681','华莹市','511600'),(2382,'511701','市辖区','511700'),(2383,'511702','通川区','511700'),(2384,'511721','达　县','511700'),(2385,'511722','宣汉县','511700'),(2386,'511723','开江县','511700'),(2387,'511724','大竹县','511700'),(2388,'511725','渠　县','511700'),(2389,'511781','万源市','511700'),(2390,'511801','市辖区','511800'),(2391,'511802','雨城区','511800'),(2392,'511821','名山县','511800'),(2393,'511822','荥经县','511800'),(2394,'511823','汉源县','511800'),(2395,'511824','石棉县','511800'),(2396,'511825','天全县','511800'),(2397,'511826','芦山县','511800'),(2398,'511827','宝兴县','511800'),(2399,'511901','市辖区','511900'),(2400,'511902','巴州区','511900'),(2401,'511921','通江县','511900'),(2402,'511922','南江县','511900'),(2403,'511923','平昌县','511900'),(2404,'512001','市辖区','512000'),(2405,'512002','雁江区','512000'),(2406,'512021','安岳县','512000'),(2407,'512022','乐至县','512000'),(2408,'512081','简阳市','512000'),(2409,'513221','汶川县','513200'),(2410,'513222','理　县','513200'),(2411,'513223','茂　县','513200'),(2412,'513224','松潘县','513200'),(2413,'513225','九寨沟县','513200'),(2414,'513226','金川县','513200'),(2415,'513227','小金县','513200'),(2416,'513228','黑水县','513200'),(2417,'513229','马尔康县','513200'),(2418,'513230','壤塘县','513200'),(2419,'513231','阿坝县','513200'),(2420,'513232','若尔盖县','513200'),(2421,'513233','红原县','513200'),(2422,'513321','康定县','513300'),(2423,'513322','泸定县','513300'),(2424,'513323','丹巴县','513300'),(2425,'513324','九龙县','513300'),(2426,'513325','雅江县','513300'),(2427,'513326','道孚县','513300'),(2428,'513327','炉霍县','513300'),(2429,'513328','甘孜县','513300'),(2430,'513329','新龙县','513300'),(2431,'513330','德格县','513300'),(2432,'513331','白玉县','513300'),(2433,'513332','石渠县','513300'),(2434,'513333','色达县','513300'),(2435,'513334','理塘县','513300'),(2436,'513335','巴塘县','513300'),(2437,'513336','乡城县','513300'),(2438,'513337','稻城县','513300'),(2439,'513338','得荣县','513300'),(2440,'513401','西昌市','513400'),(2441,'513422','木里藏族自治县','513400'),(2442,'513423','盐源县','513400'),(2443,'513424','德昌县','513400'),(2444,'513425','会理县','513400'),(2445,'513426','会东县','513400'),(2446,'513427','宁南县','513400'),(2447,'513428','普格县','513400'),(2448,'513429','布拖县','513400'),(2449,'513430','金阳县','513400'),(2450,'513431','昭觉县','513400'),(2451,'513432','喜德县','513400'),(2452,'513433','冕宁县','513400'),(2453,'513434','越西县','513400'),(2454,'513435','甘洛县','513400'),(2455,'513436','美姑县','513400'),(2456,'513437','雷波县','513400'),(2457,'520101','市辖区','520100'),(2458,'520102','南明区','520100'),(2459,'520103','云岩区','520100'),(2460,'520111','花溪区','520100'),(2461,'520112','乌当区','520100'),(2462,'520113','白云区','520100'),(2463,'520114','小河区','520100'),(2464,'520121','开阳县','520100'),(2465,'520122','息烽县','520100'),(2466,'520123','修文县','520100'),(2467,'520181','清镇市','520100'),(2468,'520201','钟山区','520200'),(2469,'520203','六枝特区','520200'),(2470,'520221','水城县','520200'),(2471,'520222','盘　县','520200'),(2472,'520301','市辖区','520300'),(2473,'520302','红花岗区','520300'),(2474,'520303','汇川区','520300'),(2475,'520321','遵义县','520300'),(2476,'520322','桐梓县','520300'),(2477,'520323','绥阳县','520300'),(2478,'520324','正安县','520300'),(2479,'520325','道真仡佬族苗族自治县','520300'),(2480,'520326','务川仡佬族苗族自治县','520300'),(2481,'520327','凤冈县','520300'),(2482,'520328','湄潭县','520300'),(2483,'520329','余庆县','520300'),(2484,'520330','习水县','520300'),(2485,'520381','赤水市','520300'),(2486,'520382','仁怀市','520300'),(2487,'520401','市辖区','520400'),(2488,'520402','西秀区','520400'),(2489,'520421','平坝县','520400'),(2490,'520422','普定县','520400'),(2491,'520423','镇宁布依族苗族自治县','520400'),(2492,'520424','关岭布依族苗族自治县','520400'),(2493,'520425','紫云苗族布依族自治县','520400'),(2494,'522201','铜仁市','522200'),(2495,'522222','江口县','522200'),(2496,'522223','玉屏侗族自治县','522200'),(2497,'522224','石阡县','522200'),(2498,'522225','思南县','522200'),(2499,'522226','印江土家族苗族自治县','522200'),(2500,'522227','德江县','522200'),(2501,'522228','沿河土家族自治县','522200'),(2502,'522229','松桃苗族自治县','522200'),(2503,'522230','万山特区','522200'),(2504,'522301','兴义市','522300'),(2505,'522322','兴仁县','522300'),(2506,'522323','普安县','522300'),(2507,'522324','晴隆县','522300'),(2508,'522325','贞丰县','522300'),(2509,'522326','望谟县','522300'),(2510,'522327','册亨县','522300'),(2511,'522328','安龙县','522300'),(2512,'522401','毕节市','522400'),(2513,'522422','大方县','522400'),(2514,'522423','黔西县','522400'),(2515,'522424','金沙县','522400'),(2516,'522425','织金县','522400'),(2517,'522426','纳雍县','522400'),(2518,'522427','威宁彝族回族苗族自治县','522400'),(2519,'522428','赫章县','522400'),(2520,'522601','凯里市','522600'),(2521,'522622','黄平县','522600'),(2522,'522623','施秉县','522600'),(2523,'522624','三穗县','522600'),(2524,'522625','镇远县','522600'),(2525,'522626','岑巩县','522600'),(2526,'522627','天柱县','522600'),(2527,'522628','锦屏县','522600'),(2528,'522629','剑河县','522600'),(2529,'522630','台江县','522600'),(2530,'522631','黎平县','522600'),(2531,'522632','榕江县','522600'),(2532,'522633','从江县','522600'),(2533,'522634','雷山县','522600'),(2534,'522635','麻江县','522600'),(2535,'522636','丹寨县','522600'),(2536,'522701','都匀市','522700'),(2537,'522702','福泉市','522700'),(2538,'522722','荔波县','522700'),(2539,'522723','贵定县','522700'),(2540,'522725','瓮安县','522700'),(2541,'522726','独山县','522700'),(2542,'522727','平塘县','522700'),(2543,'522728','罗甸县','522700'),(2544,'522729','长顺县','522700'),(2545,'522730','龙里县','522700'),(2546,'522731','惠水县','522700'),(2547,'522732','三都水族自治县','522700'),(2548,'530101','市辖区','530100'),(2549,'530102','五华区','530100'),(2550,'530103','盘龙区','530100'),(2551,'530111','官渡区','530100'),(2552,'530112','西山区','530100'),(2553,'530113','东川区','530100'),(2554,'530121','呈贡县','530100'),(2555,'530122','晋宁县','530100'),(2556,'530124','富民县','530100'),(2557,'530125','宜良县','530100'),(2558,'530126','石林彝族自治县','530100'),(2559,'530127','嵩明县','530100'),(2560,'530128','禄劝彝族苗族自治县','530100'),(2561,'530129','寻甸回族彝族自治县','530100'),(2562,'530181','安宁市','530100'),(2563,'530301','市辖区','530300'),(2564,'530302','麒麟区','530300'),(2565,'530321','马龙县','530300'),(2566,'530322','陆良县','530300'),(2567,'530323','师宗县','530300'),(2568,'530324','罗平县','530300'),(2569,'530325','富源县','530300'),(2570,'530326','会泽县','530300'),(2571,'530328','沾益县','530300'),(2572,'530381','宣威市','530300'),(2573,'530401','市辖区','530400'),(2574,'530402','红塔区','530400'),(2575,'530421','江川县','530400'),(2576,'530422','澄江县','530400'),(2577,'530423','通海县','530400'),(2578,'530424','华宁县','530400'),(2579,'530425','易门县','530400'),(2580,'530426','峨山彝族自治县','530400'),(2581,'530427','新平彝族傣族自治县','530400'),(2582,'530428','元江哈尼族彝族傣族自治县','530400'),(2583,'530501','市辖区','530500'),(2584,'530502','隆阳区','530500'),(2585,'530521','施甸县','530500'),(2586,'530522','腾冲县','530500'),(2587,'530523','龙陵县','530500'),(2588,'530524','昌宁县','530500'),(2589,'530601','市辖区','530600'),(2590,'530602','昭阳区','530600'),(2591,'530621','鲁甸县','530600'),(2592,'530622','巧家县','530600'),(2593,'530623','盐津县','530600'),(2594,'530624','大关县','530600'),(2595,'530625','永善县','530600'),(2596,'530626','绥江县','530600'),(2597,'530627','镇雄县','530600'),(2598,'530628','彝良县','530600'),(2599,'530629','威信县','530600'),(2600,'530630','水富县','530600'),(2601,'530701','市辖区','530700'),(2602,'530702','古城区','530700'),(2603,'530721','玉龙纳西族自治县','530700'),(2604,'530722','永胜县','530700'),(2605,'530723','华坪县','530700'),(2606,'530724','宁蒗彝族自治县','530700'),(2607,'530801','市辖区','530800'),(2608,'530802','翠云区','530800'),(2609,'530821','普洱哈尼族彝族自治县','530800'),(2610,'530822','墨江哈尼族自治县','530800'),(2611,'530823','景东彝族自治县','530800'),(2612,'530824','景谷傣族彝族自治县','530800'),(2613,'530825','镇沅彝族哈尼族拉祜族自治县','530800'),(2614,'530826','江城哈尼族彝族自治县','530800'),(2615,'530827','孟连傣族拉祜族佤族自治县','530800'),(2616,'530828','澜沧拉祜族自治县','530800'),(2617,'530829','西盟佤族自治县','530800'),(2618,'530901','市辖区','530900'),(2619,'530902','临翔区','530900'),(2620,'530921','凤庆县','530900'),(2621,'530922','云　县','530900'),(2622,'530923','永德县','530900'),(2623,'530924','镇康县','530900'),(2624,'530925','双江拉祜族佤族布朗族傣族自治县','530900'),(2625,'530926','耿马傣族佤族自治县','530900'),(2626,'530927','沧源佤族自治县','530900'),(2627,'532301','楚雄市','532300'),(2628,'532322','双柏县','532300'),(2629,'532323','牟定县','532300'),(2630,'532324','南华县','532300'),(2631,'532325','姚安县','532300'),(2632,'532326','大姚县','532300'),(2633,'532327','永仁县','532300'),(2634,'532328','元谋县','532300'),(2635,'532329','武定县','532300'),(2636,'532331','禄丰县','532300'),(2637,'532501','个旧市','532500'),(2638,'532502','开远市','532500'),(2639,'532522','蒙自县','532500'),(2640,'532523','屏边苗族自治县','532500'),(2641,'532524','建水县','532500'),(2642,'532525','石屏县','532500'),(2643,'532526','弥勒县','532500'),(2644,'532527','泸西县','532500'),(2645,'532528','元阳县','532500'),(2646,'532529','红河县','532500'),(2647,'532530','金平苗族瑶族傣族自治县','532500'),(2648,'532531','绿春县','532500'),(2649,'532532','河口瑶族自治县','532500'),(2650,'532621','文山县','532600'),(2651,'532622','砚山县','532600'),(2652,'532623','西畴县','532600'),(2653,'532624','麻栗坡县','532600'),(2654,'532625','马关县','532600'),(2655,'532626','丘北县','532600'),(2656,'532627','广南县','532600'),(2657,'532628','富宁县','532600'),(2658,'532801','景洪市','532800'),(2659,'532822','勐海县','532800'),(2660,'532823','勐腊县','532800'),(2661,'532901','大理市','532900'),(2662,'532922','漾濞彝族自治县','532900'),(2663,'532923','祥云县','532900'),(2664,'532924','宾川县','532900'),(2665,'532925','弥渡县','532900'),(2666,'532926','南涧彝族自治县','532900'),(2667,'532927','巍山彝族回族自治县','532900'),(2668,'532928','永平县','532900'),(2669,'532929','云龙县','532900'),(2670,'532930','洱源县','532900'),(2671,'532931','剑川县','532900'),(2672,'532932','鹤庆县','532900'),(2673,'533102','瑞丽市','533100'),(2674,'533103','潞西市','533100'),(2675,'533122','梁河县','533100'),(2676,'533123','盈江县','533100'),(2677,'533124','陇川县','533100'),(2678,'533321','泸水县','533300'),(2679,'533323','福贡县','533300'),(2680,'533324','贡山独龙族怒族自治县','533300'),(2681,'533325','兰坪白族普米族自治县','533300'),(2682,'533421','香格里拉县','533400'),(2683,'533422','德钦县','533400'),(2684,'533423','维西傈僳族自治县','533400'),(2685,'540101','市辖区','540100'),(2686,'540102','城关区','540100'),(2687,'540121','林周县','540100'),(2688,'540122','当雄县','540100'),(2689,'540123','尼木县','540100'),(2690,'540124','曲水县','540100'),(2691,'540125','堆龙德庆县','540100'),(2692,'540126','达孜县','540100'),(2693,'540127','墨竹工卡县','540100'),(2694,'542121','昌都县','542100'),(2695,'542122','江达县','542100'),(2696,'542123','贡觉县','542100'),(2697,'542124','类乌齐县','542100'),(2698,'542125','丁青县','542100'),(2699,'542126','察雅县','542100'),(2700,'542127','八宿县','542100'),(2701,'542128','左贡县','542100'),(2702,'542129','芒康县','542100'),(2703,'542132','洛隆县','542100'),(2704,'542133','边坝县','542100'),(2705,'542221','乃东县','542200'),(2706,'542222','扎囊县','542200'),(2707,'542223','贡嘎县','542200'),(2708,'542224','桑日县','542200'),(2709,'542225','琼结县','542200'),(2710,'542226','曲松县','542200'),(2711,'542227','措美县','542200'),(2712,'542228','洛扎县','542200'),(2713,'542229','加查县','542200'),(2714,'542231','隆子县','542200'),(2715,'542232','错那县','542200'),(2716,'542233','浪卡子县','542200'),(2717,'542301','日喀则市','542300'),(2718,'542322','南木林县','542300'),(2719,'542323','江孜县','542300'),(2720,'542324','定日县','542300'),(2721,'542325','萨迦县','542300'),(2722,'542326','拉孜县','542300'),(2723,'542327','昂仁县','542300'),(2724,'542328','谢通门县','542300'),(2725,'542329','白朗县','542300'),(2726,'542330','仁布县','542300'),(2727,'542331','康马县','542300'),(2728,'542332','定结县','542300'),(2729,'542333','仲巴县','542300'),(2730,'542334','亚东县','542300'),(2731,'542335','吉隆县','542300'),(2732,'542336','聂拉木县','542300'),(2733,'542337','萨嘎县','542300'),(2734,'542338','岗巴县','542300'),(2735,'542421','那曲县','542400'),(2736,'542422','嘉黎县','542400'),(2737,'542423','比如县','542400'),(2738,'542424','聂荣县','542400'),(2739,'542425','安多县','542400'),(2740,'542426','申扎县','542400'),(2741,'542427','索　县','542400'),(2742,'542428','班戈县','542400'),(2743,'542429','巴青县','542400'),(2744,'542430','尼玛县','542400'),(2745,'542521','普兰县','542500'),(2746,'542522','札达县','542500'),(2747,'542523','噶尔县','542500'),(2748,'542524','日土县','542500'),(2749,'542525','革吉县','542500'),(2750,'542526','改则县','542500'),(2751,'542527','措勤县','542500'),(2752,'542621','林芝县','542600'),(2753,'542622','工布江达县','542600'),(2754,'542623','米林县','542600'),(2755,'542624','墨脱县','542600'),(2756,'542625','波密县','542600'),(2757,'542626','察隅县','542600'),(2758,'542627','朗　县','542600'),(2759,'610101','市辖区','610100'),(2760,'610102','新城区','610100'),(2761,'610103','碑林区','610100'),(2762,'610104','莲湖区','610100'),(2763,'610111','灞桥区','610100'),(2764,'610112','未央区','610100'),(2765,'610113','雁塔区','610100'),(2766,'610114','阎良区','610100'),(2767,'610115','临潼区','610100'),(2768,'610116','长安区','610100'),(2769,'610122','蓝田县','610100'),(2770,'610124','周至县','610100'),(2771,'610125','户　县','610100'),(2772,'610126','高陵县','610100'),(2773,'610201','市辖区','610200'),(2774,'610202','王益区','610200'),(2775,'610203','印台区','610200'),(2776,'610204','耀州区','610200'),(2777,'610222','宜君县','610200'),(2778,'610301','市辖区','610300'),(2779,'610302','渭滨区','610300'),(2780,'610303','金台区','610300'),(2781,'610304','陈仓区','610300'),(2782,'610322','凤翔县','610300'),(2783,'610323','岐山县','610300'),(2784,'610324','扶风县','610300'),(2785,'610326','眉　县','610300'),(2786,'610327','陇　县','610300'),(2787,'610328','千阳县','610300'),(2788,'610329','麟游县','610300'),(2789,'610330','凤　县','610300'),(2790,'610331','太白县','610300'),(2791,'610401','市辖区','610400'),(2792,'610402','秦都区','610400'),(2793,'610403','杨凌区','610400'),(2794,'610404','渭城区','610400'),(2795,'610422','三原县','610400'),(2796,'610423','泾阳县','610400'),(2797,'610424','乾　县','610400'),(2798,'610425','礼泉县','610400'),(2799,'610426','永寿县','610400'),(2800,'610427','彬　县','610400'),(2801,'610428','长武县','610400'),(2802,'610429','旬邑县','610400'),(2803,'610430','淳化县','610400'),(2804,'610431','武功县','610400'),(2805,'610481','兴平市','610400'),(2806,'610501','市辖区','610500'),(2807,'610502','临渭区','610500'),(2808,'610521','华　县','610500'),(2809,'610522','潼关县','610500'),(2810,'610523','大荔县','610500'),(2811,'610524','合阳县','610500'),(2812,'610525','澄城县','610500'),(2813,'610526','蒲城县','610500'),(2814,'610527','白水县','610500'),(2815,'610528','富平县','610500'),(2816,'610581','韩城市','610500'),(2817,'610582','华阴市','610500'),(2818,'610601','市辖区','610600'),(2819,'610602','宝塔区','610600'),(2820,'610621','延长县','610600'),(2821,'610622','延川县','610600'),(2822,'610623','子长县','610600'),(2823,'610624','安塞县','610600'),(2824,'610625','志丹县','610600'),(2825,'610626','吴旗县','610600'),(2826,'610627','甘泉县','610600'),(2827,'610628','富　县','610600'),(2828,'610629','洛川县','610600'),(2829,'610630','宜川县','610600'),(2830,'610631','黄龙县','610600'),(2831,'610632','黄陵县','610600'),(2832,'610701','市辖区','610700'),(2833,'610702','汉台区','610700'),(2834,'610721','南郑县','610700'),(2835,'610722','城固县','610700'),(2836,'610723','洋　县','610700'),(2837,'610724','西乡县','610700'),(2838,'610725','勉　县','610700'),(2839,'610726','宁强县','610700'),(2840,'610727','略阳县','610700'),(2841,'610728','镇巴县','610700'),(2842,'610729','留坝县','610700'),(2843,'610730','佛坪县','610700'),(2844,'610801','市辖区','610800'),(2845,'610802','榆阳区','610800'),(2846,'610821','神木县','610800'),(2847,'610822','府谷县','610800'),(2848,'610823','横山县','610800'),(2849,'610824','靖边县','610800'),(2850,'610825','定边县','610800'),(2851,'610826','绥德县','610800'),(2852,'610827','米脂县','610800'),(2853,'610828','佳　县','610800'),(2854,'610829','吴堡县','610800'),(2855,'610830','清涧县','610800'),(2856,'610831','子洲县','610800'),(2857,'610901','市辖区','610900'),(2858,'610902','汉滨区','610900'),(2859,'610921','汉阴县','610900'),(2860,'610922','石泉县','610900'),(2861,'610923','宁陕县','610900'),(2862,'610924','紫阳县','610900'),(2863,'610925','岚皋县','610900'),(2864,'610926','平利县','610900'),(2865,'610927','镇坪县','610900'),(2866,'610928','旬阳县','610900'),(2867,'610929','白河县','610900'),(2868,'611001','市辖区','611000'),(2869,'611002','商州区','611000'),(2870,'611021','洛南县','611000'),(2871,'611022','丹凤县','611000'),(2872,'611023','商南县','611000'),(2873,'611024','山阳县','611000'),(2874,'611025','镇安县','611000'),(2875,'611026','柞水县','611000'),(2876,'620101','市辖区','620100'),(2877,'620102','城关区','620100'),(2878,'620103','七里河区','620100'),(2879,'620104','西固区','620100'),(2880,'620105','安宁区','620100'),(2881,'620111','红古区','620100'),(2882,'620121','永登县','620100'),(2883,'620122','皋兰县','620100'),(2884,'620123','榆中县','620100'),(2885,'620201','市辖区','620200'),(2886,'620301','市辖区','620300'),(2887,'620302','金川区','620300'),(2888,'620321','永昌县','620300'),(2889,'620401','市辖区','620400'),(2890,'620402','白银区','620400'),(2891,'620403','平川区','620400'),(2892,'620421','靖远县','620400'),(2893,'620422','会宁县','620400'),(2894,'620423','景泰县','620400'),(2895,'620501','市辖区','620500'),(2896,'620502','秦城区','620500'),(2897,'620503','北道区','620500'),(2898,'620521','清水县','620500'),(2899,'620522','秦安县','620500'),(2900,'620523','甘谷县','620500'),(2901,'620524','武山县','620500'),(2902,'620525','张家川回族自治县','620500'),(2903,'620601','市辖区','620600'),(2904,'620602','凉州区','620600'),(2905,'620621','民勤县','620600'),(2906,'620622','古浪县','620600'),(2907,'620623','天祝藏族自治县','620600'),(2908,'620701','市辖区','620700'),(2909,'620702','甘州区','620700'),(2910,'620721','肃南裕固族自治县','620700'),(2911,'620722','民乐县','620700'),(2912,'620723','临泽县','620700'),(2913,'620724','高台县','620700'),(2914,'620725','山丹县','620700'),(2915,'620801','市辖区','620800'),(2916,'620802','崆峒区','620800'),(2917,'620821','泾川县','620800'),(2918,'620822','灵台县','620800'),(2919,'620823','崇信县','620800'),(2920,'620824','华亭县','620800'),(2921,'620825','庄浪县','620800'),(2922,'620826','静宁县','620800'),(2923,'620901','市辖区','620900'),(2924,'620902','肃州区','620900'),(2925,'620921','金塔县','620900'),(2926,'620922','安西县','620900'),(2927,'620923','肃北蒙古族自治县','620900'),(2928,'620924','阿克塞哈萨克族自治县','620900'),(2929,'620981','玉门市','620900'),(2930,'620982','敦煌市','620900'),(2931,'621001','市辖区','621000'),(2932,'621002','西峰区','621000'),(2933,'621021','庆城县','621000'),(2934,'621022','环　县','621000'),(2935,'621023','华池县','621000'),(2936,'621024','合水县','621000'),(2937,'621025','正宁县','621000'),(2938,'621026','宁　县','621000'),(2939,'621027','镇原县','621000'),(2940,'621101','市辖区','621100'),(2941,'621102','安定区','621100'),(2942,'621121','通渭县','621100'),(2943,'621122','陇西县','621100'),(2944,'621123','渭源县','621100'),(2945,'621124','临洮县','621100'),(2946,'621125','漳　县','621100'),(2947,'621126','岷　县','621100'),(2948,'621201','市辖区','621200'),(2949,'621202','武都区','621200'),(2950,'621221','成　县','621200'),(2951,'621222','文　县','621200'),(2952,'621223','宕昌县','621200'),(2953,'621224','康　县','621200'),(2954,'621225','西和县','621200'),(2955,'621226','礼　县','621200'),(2956,'621227','徽　县','621200'),(2957,'621228','两当县','621200'),(2958,'622901','临夏市','622900'),(2959,'622921','临夏县','622900'),(2960,'622922','康乐县','622900'),(2961,'622923','永靖县','622900'),(2962,'622924','广河县','622900'),(2963,'622925','和政县','622900'),(2964,'622926','东乡族自治县','622900'),(2965,'622927','积石山保安族东乡族撒拉族自治县','622900'),(2966,'623001','合作市','623000'),(2967,'623021','临潭县','623000'),(2968,'623022','卓尼县','623000'),(2969,'623023','舟曲县','623000'),(2970,'623024','迭部县','623000'),(2971,'623025','玛曲县','623000'),(2972,'623026','碌曲县','623000'),(2973,'623027','夏河县','623000'),(2974,'630101','市辖区','630100'),(2975,'630102','城东区','630100'),(2976,'630103','城中区','630100'),(2977,'630104','城西区','630100'),(2978,'630105','城北区','630100'),(2979,'630121','大通回族土族自治县','630100'),(2980,'630122','湟中县','630100'),(2981,'630123','湟源县','630100'),(2982,'632121','平安县','632100'),(2983,'632122','民和回族土族自治县','632100'),(2984,'632123','乐都县','632100'),(2985,'632126','互助土族自治县','632100'),(2986,'632127','化隆回族自治县','632100'),(2987,'632128','循化撒拉族自治县','632100'),(2988,'632221','门源回族自治县','632200'),(2989,'632222','祁连县','632200'),(2990,'632223','海晏县','632200'),(2991,'632224','刚察县','632200'),(2992,'632321','同仁县','632300'),(2993,'632322','尖扎县','632300'),(2994,'632323','泽库县','632300'),(2995,'632324','河南蒙古族自治县','632300'),(2996,'632521','共和县','632500'),(2997,'632522','同德县','632500'),(2998,'632523','贵德县','632500'),(2999,'632524','兴海县','632500'),(3000,'632525','贵南县','632500'),(3001,'632621','玛沁县','632600'),(3002,'632622','班玛县','632600'),(3003,'632623','甘德县','632600'),(3004,'632624','达日县','632600'),(3005,'632625','久治县','632600'),(3006,'632626','玛多县','632600'),(3007,'632721','玉树县','632700'),(3008,'632722','杂多县','632700'),(3009,'632723','称多县','632700'),(3010,'632724','治多县','632700'),(3011,'632725','囊谦县','632700'),(3012,'632726','曲麻莱县','632700'),(3013,'632801','格尔木市','632800'),(3014,'632802','德令哈市','632800'),(3015,'632821','乌兰县','632800'),(3016,'632822','都兰县','632800'),(3017,'632823','天峻县','632800'),(3018,'640101','市辖区','640100'),(3019,'640104','兴庆区','640100'),(3020,'640105','西夏区','640100'),(3021,'640106','金凤区','640100'),(3022,'640121','永宁县','640100'),(3023,'640122','贺兰县','640100'),(3024,'640181','灵武市','640100'),(3025,'640201','市辖区','640200'),(3026,'640202','大武口区','640200'),(3027,'640205','惠农区','640200'),(3028,'640221','平罗县','640200'),(3029,'640301','市辖区','640300'),(3030,'640302','利通区','640300'),(3031,'640323','盐池县','640300'),(3032,'640324','同心县','640300'),(3033,'640381','青铜峡市','640300'),(3034,'640401','市辖区','640400'),(3035,'640402','原州区','640400'),(3036,'640422','西吉县','640400'),(3037,'640423','隆德县','640400'),(3038,'640424','泾源县','640400'),(3039,'640425','彭阳县','640400'),(3040,'640501','市辖区','640500'),(3041,'640502','沙坡头区','640500'),(3042,'640521','中宁县','640500'),(3043,'640522','海原县','640500'),(3044,'650101','市辖区','650100'),(3045,'650102','天山区','650100'),(3046,'650103','沙依巴克区','650100'),(3047,'650104','新市区','650100'),(3048,'650105','水磨沟区','650100'),(3049,'650106','头屯河区','650100'),(3050,'650107','达坂城区','650100'),(3051,'650108','东山区','650100'),(3052,'650121','乌鲁木齐县','650100'),(3053,'650201','市辖区','650200'),(3054,'650202','独山子区','650200'),(3055,'650203','克拉玛依区','650200'),(3056,'650204','白碱滩区','650200'),(3057,'650205','乌尔禾区','650200'),(3058,'652101','吐鲁番市','652100'),(3059,'652122','鄯善县','652100'),(3060,'652123','托克逊县','652100'),(3061,'652201','哈密市','652200'),(3062,'652222','巴里坤哈萨克自治县','652200'),(3063,'652223','伊吾县','652200'),(3064,'652301','昌吉市','652300'),(3065,'652302','阜康市','652300'),(3066,'652303','米泉市','652300'),(3067,'652323','呼图壁县','652300'),(3068,'652324','玛纳斯县','652300'),(3069,'652325','奇台县','652300'),(3070,'652327','吉木萨尔县','652300'),(3071,'652328','木垒哈萨克自治县','652300'),(3072,'652701','博乐市','652700'),(3073,'652722','精河县','652700'),(3074,'652723','温泉县','652700'),(3075,'652801','库尔勒市','652800'),(3076,'652822','轮台县','652800'),(3077,'652823','尉犁县','652800'),(3078,'652824','若羌县','652800'),(3079,'652825','且末县','652800'),(3080,'652826','焉耆回族自治县','652800'),(3081,'652827','和静县','652800'),(3082,'652828','和硕县','652800'),(3083,'652829','博湖县','652800'),(3084,'652901','阿克苏市','652900'),(3085,'652922','温宿县','652900'),(3086,'652923','库车县','652900'),(3087,'652924','沙雅县','652900'),(3088,'652925','新和县','652900'),(3089,'652926','拜城县','652900'),(3090,'652927','乌什县','652900'),(3091,'652928','阿瓦提县','652900'),(3092,'652929','柯坪县','652900'),(3093,'653001','阿图什市','653000'),(3094,'653022','阿克陶县','653000'),(3095,'653023','阿合奇县','653000'),(3096,'653024','乌恰县','653000'),(3097,'653101','喀什市','653100'),(3098,'653121','疏附县','653100'),(3099,'653122','疏勒县','653100'),(3100,'653123','英吉沙县','653100'),(3101,'653124','泽普县','653100'),(3102,'653125','莎车县','653100'),(3103,'653126','叶城县','653100'),(3104,'653127','麦盖提县','653100'),(3105,'653128','岳普湖县','653100'),(3106,'653129','伽师县','653100'),(3107,'653130','巴楚县','653100'),(3108,'653131','塔什库尔干塔吉克自治县','653100'),(3109,'653201','和田市','653200'),(3110,'653221','和田县','653200'),(3111,'653222','墨玉县','653200'),(3112,'653223','皮山县','653200'),(3113,'653224','洛浦县','653200'),(3114,'653225','策勒县','653200'),(3115,'653226','于田县','653200'),(3116,'653227','民丰县','653200'),(3117,'654002','伊宁市','654000'),(3118,'654003','奎屯市','654000'),(3119,'654021','伊宁县','654000'),(3120,'654022','察布查尔锡伯自治县','654000'),(3121,'654023','霍城县','654000'),(3122,'654024','巩留县','654000'),(3123,'654025','新源县','654000'),(3124,'654026','昭苏县','654000'),(3125,'654027','特克斯县','654000'),(3126,'654028','尼勒克县','654000'),(3127,'654201','塔城市','654200'),(3128,'654202','乌苏市','654200'),(3129,'654221','额敏县','654200'),(3130,'654223','沙湾县','654200'),(3131,'654224','托里县','654200'),(3132,'654225','裕民县','654200'),(3133,'654226','和布克赛尔蒙古自治县','654200'),(3134,'654301','阿勒泰市','654300'),(3135,'654321','布尔津县','654300'),(3136,'654322','富蕴县','654300'),(3137,'654323','福海县','654300'),(3138,'654324','哈巴河县','654300'),(3139,'654325','青河县','654300'),(3140,'654326','吉木乃县','654300'),(3141,'659001','石河子市','659000'),(3142,'659002','阿拉尔市','659000'),(3143,'659003','图木舒克市','659000'),(3144,'659004','五家渠市','659000');
/*!40000 ALTER TABLE `area` ENABLE KEYS */;
UNLOCK TABLES;

--
-- Table structure for table `article`
--

DROP TABLE IF EXISTS `article`;
/*!40101 SET @saved_cs_client     = @@character_set_client */;
/*!40101 SET character_set_client = utf8 */;
CREATE TABLE `article` (
  `aid` int(11) NOT NULL AUTO_INCREMENT COMMENT '文章id',
  `atitle` varchar(50) DEFAULT '' COMMENT '文章标题',
  `apic` varchar(50) DEFAULT '' COMMENT '文章图片',
  `aurl` varchar(300) NOT NULL,
  `ainfo` text COMMENT '文章内容',
  `soft` tinyint(10) DEFAULT '100' COMMENT '文章排序',
  `add_time` int(11) DEFAULT NULL COMMENT '增加时间',
  `edit_time` int(11) DEFAULT NULL COMMENT '修改时间',
  `pub_id` tinyint(5) NOT NULL COMMENT '公众帐号id',
  `ind_id` tinyint(2) NOT NULL COMMENT '行业id',
  `is_del` tinyint(2) NOT NULL DEFAULT '1' COMMENT '1显示0删除',
  `cid` tinyint(5) DEFAULT NULL COMMENT '属于哪个栏目id',
  PRIMARY KEY (`aid`,`pub_id`,`ind_id`,`is_del`)
) ENGINE=MyISAM AUTO_INCREMENT=44 DEFAULT CHARSET=utf8;
/*!40101 SET character_set_client = @saved_cs_client */;

--
-- Dumping data for table `article`
--

LOCK TABLES `article` WRITE;
/*!40000 ALTER TABLE `article` DISABLE KEYS */;
INSERT INTO `article` VALUES (1,'是的外国','Uploads/General/15/s_527f71cd1d947.jpg','','<p>框架故孕妇可以放录音公路流汗</p>',100,1380874915,1384083917,15,1,1,6),(3,'是的外国','Uploads/General/15/s_527f71e315ffd.png','','<p>啊东风公司法国电影好几个iohi</p>',100,1384083939,1384083939,15,1,1,6),(4,'唯诺简介','Uploads/General/1/s_52811b02f02bb.jpg','','<p style=\"text-align:left;\"><strong><img src=\"http://wx.wtimes.com.cn/Uploads/editor/image/Admin/undefined/201311/68301384452510.jpg\" style=\"float:none;\" title=\"aboutbj.jpg\" border=\"0\" hspace=\"0\" vspace=\"0\" /><br /></strong></p><p><strong>唯诺是谁？</strong></p><p>VINO唯诺创立于2002年,是一家具资历和新活力的精品摄影公司,坐落于中国时尚之都-虎门,办公面积约1000平米.唯诺摄影本着专一而多元化的辐射将简洁,大气,大方的摄影风格传递给顾客.推崇管理人性化,坚持品牌服务理念,我们将永远追求超越世俗框架之外的卓越品质.</p><p>随着社会群体的需求,唯诺摄影在人性化的服务中感悟出更适合时代以及大众更为喜爱的新派摄影风格,随即引领摄影界的大肆效仿.唯诺摄影不断探索,不断推出新品给广大时尚人士惊喜是唯诺摄影这个品牌的一贯风格.</p><p>公司在大力推广唯诺摄影品牌的原动力背后是因为我们想让大家知道:好的产品出自专业的人,好产品就要大家都知道的目的.唯诺摄影完全凭我们所持有的经营理念和特色的摄影风格为大众服务.</p><p>报影团队：严谨,务实,不断创新!我们拥有一支年青,专业并热衷于广告事业的摄影团队.</p><p>摄影器材：拥有全球最快速度2110百像素专业数码相机多台,高质素专用数码镜头,大瓦数专业闪光灯电箱,专业设计电脑十台.</p><p>设计团队：我们拥有经验丰富的设计师,制作出您竟想不到的效果.随着我们的经验和专门知识工具和技术的进步创造独特而美丽的图像.</p><p><br /></p>',100,1384192771,1384452513,1,1,1,13),(5,'唯诺能给您做什么？','s_','','<p><strong>企业形象设计(VI设计)，品牌形象设计。</strong></p><p><strong>专业平面设计，服装、家居等多领域画册设计，包装设计。</strong></p><p><strong>专业商业展示展厅设计，专卖店形象设计</strong></p><p><br /></p><p><br /></p>',100,1384273541,1384273541,1,1,1,13),(6,'我们的优势在哪里？','s_','','<p><strong>我们的优势在哪里？</strong></p><p>唯诺是谁<br /></p><p>唯诺创立于2002年,是一家具资历和新活力的精品摄影公司,坐落于中国时尚之都-虎门<br /></p><p>唯诺能为你做什么</p><p>企业形象设计(VI设计)，品牌形象设计。专业平面设计，服装、家居等多领域画册设计，包装设计。</p><p>客户的成功就是唯诺的成功</p><p>唯诺秉持对企业、产品、市场、文化和设计的独到见解和深层理解,立足于品牌设计规划需求，探索策略</p><p><strong>客户为什么选择我们？</strong><br /></p><p> &nbsp; &nbsp;唯诺是高水准的企业品牌形象整合策划与品牌设计执行服务机构。多年来为众多世界知名品牌提供专业性的品牌策划与品牌推广服务。唯诺是高水准的企业品牌形象整合策划与品牌设计执行服务机构。多年来为众多世界知名品牌提供专业性的品牌策划与品牌推广服务。</p><p><br /></p><h1 style=\"padding:0px;margin:0px 0px 22px;font-size:18px;font-family:微软雅黑;font-weight:normal;color:#c03025;background-color:#dddddd;\"><br /></h1>',100,1384273626,1384273667,1,1,1,15),(7,'我们优秀的团队','s_','','<p>设计师一项需要思想和策略的工作 ,是视觉艺术和理性思维的综合 需要创作人员从不同的角度 ,用不同的观念去分析</p><p> </p><p>一个富有激情和创造力的年轻团队 ,鞭策自己、标榜自己的人性群体 拥有不同的背景和不同的经历的团队成员 ,让唯诺更加富有活力和内涵 不同的设计观念 ,在这里碰撞、融合、不断激发出新的设计灵感</p><p> </p><p>团队协作使唯诺发挥最大的潜能 ,融合了资深设计师的经验心得与年轻设计的激情 为成熟设计注入生动内涵 ,使得唯诺能够持续创新 饱含激情 ,让客户的形象能够得到最佳体现</p><p><br /></p>',100,1384273705,1384273705,1,1,1,16),(16,'习近平在广东团连问环境:珠三角PM2.5多少 ','s_','','<p style=\"text-align:center;\">\r\n	<img src=\"http://wx.wtimes.com.cn/Uploads/editor/image/Admin/undefined/201401/76461389371524.jpg\" title=\"20140109121252cd2f4.jpg\" border=\"0\" />\r\n</p>\r\n<p>\r\n	网易娱乐1月9日报道 都市情景喜剧《爱情公寓4》即将于1月17日在东方、安徽、湖北、黑龙江等四大卫视播出。“小姨妈”唐悠悠等人将现身荧屏。日前，邓家佳（微博）介绍本剧时表示，这是一部“怪咖贺岁”的作品，届时一定能够陪伴观众度过一个轻松欢快的假期。\r\n</p>\r\n<p>\r\n	有着“天下第一逆天神剧”之称的《爱情公寓》在播出3年的时间里点击率已经超过了10亿次，第四部敲定寒假档之后，引起了粉丝们的普遍期待，被网友们誉为假期必看剧。据悉，在本剧中，邓家佳饰演的唐悠悠戏份十分吃重，在延续了前几部疯狂、搞笑的基础上，又增加了“爱情从告别开始”、“婚前见家长”、“穿越变侠女”等戏份，等电视剧播出之后，将会再次引爆观众的笑神经。\r\n</p>\r\n<p>\r\n	日前，邓家佳接受了一家媒体的采访，她透露，自己对这部电视剧的期待之情不亚于普通观众，“拍完之后我根本就没有看过成品，还不知道最终是什么样。”在采访中，邓家佳多次力挺《爱4》盛赞这是一部不可多得的电视剧。她表示，《爱情公寓》系列电视剧播出以来，都能给观众带来惊喜，第四部也不例外。邓家佳认为，该系列电视剧之所以取得成功，除了剧本精良、导演的表达方式独辟蹊径之外，演员的演技也功不可没，“在其他电视剧中，你很难见到这么多怪咖凑在一起，而《爱情公寓》却做到了，我们每一个演员都个性鲜明，演技更是没得说，表演起来都很自然，一点都不做作，这是很多偶像剧都做不到的。”\r\n</p>\r\n<p>\r\n	<br />\r\n</p>',100,1389360528,1394100276,2,1,1,48),(17,'唯诺简介','s_','','<p><span style=\"padding:0px;margin:0px;color:#737373;font-family:verdana, arial, tahoma;line-height:24px;background-color:#dddddd;font-size:24px;\"><span style=\"padding:0px;margin:0px;color:#ff0000;\">唯诺是谁？</span></span><br style=\"padding:0px;margin:0px;color:#737373;font-family:verdana, arial, tahoma;font-size:12px;line-height:24px;background-color:#dddddd;\" /><span style=\"color:#737373;font-family:verdana, arial, tahoma;font-size:12px;line-height:24px;background-color:#dddddd;\">VINO唯诺创立于2002年,是一家具资历和新活力的精品摄影公司,坐落于中国时尚之都-虎门,办公面积约1000平米.唯诺摄影本着专一而多元化的辐射将简洁,大气,大方的摄影风格传递给顾客.推崇管理人性化,坚持品牌服务理念,我们将永远追求超越世俗框架之外的卓越品质.</span><br style=\"padding:0px;margin:0px;color:#737373;font-family:verdana, arial, tahoma;font-size:12px;line-height:24px;background-color:#dddddd;\" /></p><div style=\"padding:0px;margin:0px;color:#737373;font-family:verdana, arial, tahoma;font-size:12px;line-height:24px;background-color:#dddddd;\">随着社会群体的需求,唯诺摄影在人性化的服务中感悟出更适合时代以及大众更为喜爱的新派摄影风格,随即引领摄影界的大肆效仿.唯诺摄影不断探索,不断推出新品给广大时尚人士惊喜是唯诺摄影这个品牌的一贯风格.</div><div style=\"padding:0px;margin:0px;color:#737373;font-family:verdana, arial, tahoma;font-size:12px;line-height:24px;background-color:#dddddd;\">公司在大力推广唯诺摄影品牌的原动力背后是因为我们想让大家知道:好的产品出自专业的人,好产品就要大家都知道的目的.唯诺摄影完全凭我们所持有的经营理念和特色的摄影风格为大众服务.</div><div style=\"padding:0px;margin:0px;color:#737373;font-family:verdana, arial, tahoma;font-size:12px;line-height:24px;background-color:#dddddd;\">报影团队：严谨,务实,不断创新!我们拥有一支年青,专业并热衷于广告事业的摄影团队.</div><div style=\"padding:0px;margin:0px;color:#737373;font-family:verdana, arial, tahoma;font-size:12px;line-height:24px;background-color:#dddddd;\">摄影器材：拥有全球最快速度2110百像素专业数码相机多台,高质素专用数码镜头,大瓦数专业闪光灯电箱,专业设计电脑十台.</div><div style=\"padding:0px;margin:0px;color:#737373;font-family:verdana, arial, tahoma;font-size:12px;line-height:24px;background-color:#dddddd;\">设计团队：我们拥有经验丰富的设计师,制作出您竟想不到的效果.随着我们的经验和专门知识工具和技术的进步创造独特而美丽的图像.<br style=\"padding:0px;margin:0px;\" /><br style=\"padding:0px;margin:0px;\" /><br style=\"padding:0px;margin:0px;\" /><span style=\"padding:0px;margin:0px;color:#ff0000;\"><span style=\"padding:0px;margin:0px;font-size:24px;\">唯诺能给您做什么？</span></span><br style=\"padding:0px;margin:0px;\" /><div style=\"padding:0px;margin:0px;\">企业形象设计(VI设计)，品牌形象设计。</div><div style=\"padding:0px;margin:0px;\">专业平面设计，服装、家居等多领域画册设计，包装设计。</div><div style=\"padding:0px;margin:0px;\">专业商业展示展厅设计，专卖店形象设计</div></div><p><br /></p>',100,1392643803,1392643803,5,1,1,50),(18,'公司团队介绍','s_','','<p><span style=\"color:#737373;font-family:verdana, arial, tahoma;font-size:12px;line-height:22px;background-color:#dddddd;\">设计师一项需要思想和策略的工作 ,是视觉艺术和理性思维的综合 需要创作人员从不同的角度 ,用不同的观念去分析</span></p><div style=\"padding:0px;margin:0px;color:#737373;font-family:verdana, arial, tahoma;font-size:12px;line-height:22px;background-color:#dddddd;\"> </div><div style=\"padding:0px;margin:0px;color:#737373;font-family:verdana, arial, tahoma;font-size:12px;line-height:22px;background-color:#dddddd;\">一个富有激情和创造力的年轻团队 ,鞭策自己、标榜自己的人性群体 拥有不同的背景和不同的经历的团队成员 ,让唯诺更加富有活力和内涵 不同的设计观念 ,在这里碰撞、融合、不断激发出新的设计灵感</div><div style=\"padding:0px;margin:0px;color:#737373;font-family:verdana, arial, tahoma;font-size:12px;line-height:22px;background-color:#dddddd;\"> </div><div style=\"padding:0px;margin:0px;color:#737373;font-family:verdana, arial, tahoma;font-size:12px;line-height:22px;background-color:#dddddd;\">团队协作使唯诺发挥最大的潜能 ,融合了资深设计师的经验心得与年轻设计的激情 为成熟设计注入生动内涵 ,使得唯诺能够持续创新 饱含激情 ,让客户的形象能够得到最佳体现</div><p><br /></p>',100,1392648918,1392648918,5,1,1,52),(19,'李克强追问&quot;黄标车&quot;:该淘汰的一辆也不留','s_','','',100,1394100289,1394100289,2,1,1,48),(20,'糯米网升级为百度糯米 与阿里大战O2O','s_','','',100,1394100297,1394100297,2,1,1,48),(21,'武警副司令员:去年处置暴恐案和严重暴力105起','s_','','',100,1394100304,1394100304,2,1,1,48),(22,'人社部副部长:养老金并轨已给出时间表','s_','','',100,1394100313,1394100313,2,1,1,48),(23,'医院简介','s_','','<div style=\"padding:0px;margin:0px;color:#555555;font-family:微软雅黑, Tahoma, Arial, sans-serif;background-color:#FFFFFF;\">\r\n	<p style=\"font-family:Verdana, 仿宋体;\">\r\n		首都医科大学附属北京妇产医院 北京妇幼保健院创建于1959年6月，其前身是直属中央卫生部的北京妇幼保健实验院。经过50年的建设和发展，目前已发展成为集医疗、保健、教学、科研为一体，以诊治妇产科常见病、多发病和疑难病症为重点的国内知名的三级甲等妇产专科医院。我国著名妇产科专家林巧稚是首任院长。1984年被世界卫生组织（WHO）批准为围产保健研究和培训合作中心，1999年更名为WHO母婴和妇女保健研究及培训中心，1992年成为我国首批符合国际标准的爱婴医院之一，1994年被首都医科大学批准为首都医科大学附属北京妇产医院，同年建立了妇产科学硕士研究生培养点，2002年成为首都医科大学妇产科博士生培养点，2005年首批通过技术准入，成立遗传诊断研究中心、北京市产前诊断中心，2008年成为北京市中医药管理局中西医结合妇科重点学科，2008年成为北京地区专科医师妇产科专业临床技能培训考核中心，2010年产科、妇科系列（妇科、妇科微创中心、妇科肿瘤科、计划生育科、生殖医学科、妇科内分泌科、妇科中医科、乳腺科）成为卫生部临床重点专科建设单位。\r\n	</p>\r\n	<p style=\"font-family:Verdana, 仿宋体;\">\r\n		&nbsp;&nbsp;&nbsp;&nbsp;&nbsp; 2002年北京市政府投资扩建了新院，成为我院面向二十一世纪可持续发展新的里程碑。现为一院两址：新院为东院区，位于朝阳区姚家园路251号，以产科、新生儿科、妇科和生殖医学科为主。老院为西院区，位于市中心的东城区骑河楼17号，以妇科微创中心和妇科肿瘤科为主，东西两院均设有计划生育科、中医科。&nbsp;<br />\r\n医院专业学科齐全，治疗手段完备，技术力量雄厚，拥有先进的医疗设备，部分专业学科实力在国内处于领先地位。临床科室设有产科、妇科、新生儿科、计划生育科、妇科肿瘤科、妇科微创中心、生殖医学科、中医科、遗传诊断中心、麻醉科、内分泌科、内科、男科、女性泌尿门诊、急诊室、营养门诊、亚健康门诊、特需门诊。提供科学研究和辅助诊断的科室有：超声科、放射科、检验科、病理科、药剂科、病案科等。&nbsp;<br />\r\n医院总建筑面积67484平方米，设置病床660张；2011年门、急诊量102万人次，住院2.9万人次，出生婴儿13064名，居全市第一。建院50多年来，30多万名婴儿在这里诞生。&nbsp;<br />\r\n历经50多年建设发展的北京妇产医院造就了一支训练有素，技术精湛，专业齐全的医疗骨干队伍，拥有一批国内外享有盛名的妇产科学专家。全院在职职工1162人，专业技术人员1062人，中高级职称占专业技术人员的38.51%。有博士61人，硕士206人，博士、硕士生导师26名，正、副教授31人。享有政府特殊津贴专家12人。&nbsp;<br />\r\n科研成果丰硕，50年来获得国家级、部委级、市级等科技成果奖励122项。近十年已经完成科研课题54项，正在进行的国家自然基金、十五攻关课题、部委级课题、市自然基金、科技新星资助课题116项。在国内外发表论文2000余篇。在中华医学会专科分会、北京分会担任主任委员14人次，副主任委员15人次，常务委员12人次。担任各医学专业杂志主编、副主编3人次，常委编委、编委71人次。&nbsp;<br />\r\n医院始终以培养高素质、高标准、高水平的专业人才为目标，严谨教学育人，多年来为北京市医疗保健机构输送了大批高质量医学专业人才。&nbsp;<br />\r\n2002年6月，北京市妇女保健所、北京市儿童保健所、北京市计划生育技术研究指导所合并组建北京妇幼保健院，设在新院东院区，与北京妇产医院归属一个院领导班子管理。该院承担全市18个区县妇女保健、儿童保健和计划生育技术指导及质量控制工作，在全国率先开展亚健康保健、新生儿疾病筛查等工作，为促进全市妇幼保健事业发展做出重要贡献。&nbsp;<br />\r\n几代妇产妇幼人用坚定不移的信念、艰苦创业的作风、顽强拼搏的精神，用青春、理想和激情书写着北京妇产医院的历史。如今，在医院建设发展新的征程上，全院职工坚持以人为本，以病人为中心，以维护妇女儿童的健康为己任，全面提高医疗保健质量的服务理念，传承团结奋进、开拓创新的科学发展观，再创首都妇幼卫生事业的辉煌，为争创国内一流、国际知名的现代化医院而努力奋斗。\r\n	</p>\r\n</div>\r\n<div style=\"padding:0px;margin:0px;color:#555555;font-family:微软雅黑, Tahoma, Arial, sans-serif;background-color:#FFFFFF;\">\r\n</div>',100,1394722995,1395713287,5,6,1,61),(24,'旅行评论','s_','','旅行评论旅行评论旅行评论旅行评论旅行评论旅行评论旅行评论旅行评论旅行评论旅行评论旅行评论旅行评论旅行评论旅行评论旅行评论旅行评论旅行评论旅行评论旅行评论旅行评论',100,1398054767,1398054767,8,1,1,76),(25,'人文风景','s_','','人文风景',100,1398054779,1398054779,8,1,1,76),(26,'大溪地','s_','','<p class=\"MsoNormal\">\r\n	<b>大溪地<span></span></b>\r\n</p>\r\n<p class=\"MsoNormal\">\r\n	<b>大溪地又称『爱之岛<span>(Love Island)</span>』，是波利尼西亚<span>118</span>个群岛中最大的岛，大溪地岛形状从空中鸟瞰似「鱼」，鱼头和鱼身被称为大大溪地<span>(Tahiti\r\nNui)</span>，鱼尾叫小大溪地<span>(Tahiti Iti)</span>。前往有梦幻之岛之称的茉莉雅岛，这里不仅有令人心醉的美景，更可以体验波利尼西亚的原始生活方式。去世界上最美丽的地方波拉波拉（<span>Bora Bora</span>）更是最激动人心的时刻，因为那里是真正的梦天堂。爱好艺术的你，还可以选择去“高更艺术博物馆”参观。看看艺术大师所演绎的纯正简单生活，让您真正留连忘返。<span></span></b>\r\n</p>\r\n<p class=\"MsoNormal\" style=\"text-indent:20.65pt;\">\r\n	<b>&nbsp;</b>\r\n</p>\r\n<p class=\"MsoNormal\" align=\"center\" style=\"text-align:center;\">\r\n	<b>&nbsp;</b>\r\n</p>\r\n<p class=\"MsoNormal\">\r\n	<b>法属波利尼西亚波拉波拉大溪地<span>8</span>天<span>6</span>晚之旅<span></span></b>\r\n</p>\r\n<p class=\"MsoDate\" style=\"margin-left:4.95pt;\">\r\n	<b>&nbsp;</b>\r\n</p>\r\n<p class=\"MsoDate\" style=\"margin-left:0cm;\">\r\n	第一天：北京Q 东京Q 帕比提<span></span>\r\n</p>\r\n<p class=\"MsoDate\" style=\"margin-left:0cm;\">\r\n	第二天：大溪地（帕比提）o波拉波拉海滩度假村，赏诗画般的泻湖<span></span>\r\n</p>\r\n<p class=\"MsoNormal\">\r\n	第三天：波拉波拉海滩度假村，\r\n享珊瑚海、白沙滩，玩潜水和浮潜<span></span>\r\n</p>\r\n<p class=\"MsoDate\" style=\"margin-left:0cm;\">\r\n	第四天：波拉波拉海滩度假村自由活动<span></span>\r\n</p>\r\n<p class=\"MsoNormal\">\r\n	第五天：波拉波拉海滩度假村自由活动（可选出海观鲨鱼<span>+</span>野味午餐一日游）<span></span>\r\n</p>\r\n<p class=\"MsoNormal\">\r\n	第六天：波拉波拉海滩度假村：体验<span>SPA </span>，出海钓鱼，潜水或小镇悠闲观光<span></span>\r\n</p>\r\n<p class=\"MsoNormal\">\r\n	第七天：波拉波拉海滩度假村o 波拉波拉 Q 大溪地（帕比提）<span></span>\r\n</p>\r\n<p class=\"MsoNormal\">\r\n	第八天：大溪地（帕比提）Q 东京 Q北京<span></span>\r\n</p>\r\n<p class=\"MsoNormal\">\r\n	&nbsp;\r\n</p>\r\n<p class=\"MsoNormal\">\r\n	&nbsp;\r\n</p>\r\n<p class=\"MsoNormal\">\r\n	<b>法属波利尼西亚茉莉雅、波拉波拉、大溪地<span>8</span>天<span>6</span>晚之旅<span></span></b>\r\n</p>\r\n<p class=\"MsoNormal\">\r\n	&nbsp;\r\n</p>\r\n<p class=\"MsoDate\" style=\"margin-left:0cm;\">\r\n	第一天：北京Q 东京Q 帕比提（法属波利尼西亚<span>,</span>大溪地）<span></span>\r\n</p>\r\n<p class=\"MsoDate\" style=\"margin-left:0cm;\">\r\n	第二天：大溪地（帕比提） o 茉莉雅 ：游览置身于泻湖的花园般的茉莉雅岛<span></span>\r\n</p>\r\n<p class=\"MsoNormal\" style=\"margin-left:42.0pt;text-indent:-42.0pt;\">\r\n	第三天：茉莉雅：白天自由活动，您可在酒店的私属海滩浮潜观鱼，游泳，也可租一辆自行车或越野汽车登山看海<span></span>\r\n</p>\r\n<p class=\"MsoDate\" style=\"margin-left:42.0pt;text-indent:-42.0pt;\">\r\n	第四天：茉莉雅 o 大溪地 Q 波拉波拉 o 波拉波拉海滩度假村：在世界上最浪漫的地方赏美丽海景，玩潜水、浮潜<span></span>\r\n</p>\r\n<p class=\"MsoNormal\">\r\n	第五天：波拉波拉海滩度假村：全天自由活动（可自费选择出海观鲨鱼<span>+</span>野味午餐一日游）<span></span>\r\n</p>\r\n<p class=\"MsoNormal\">\r\n	第六天：波拉波拉海滩度假村：体验<span>SPA </span>，出海钓鱼，潜水或小镇悠闲观光<span></span>\r\n</p>\r\n<p class=\"MsoNormal\">\r\n	第七天：波拉波拉海滩度假村o 波拉波拉 Q 大溪地（帕比提）<span></span>\r\n</p>\r\n<p class=\"MsoNormal\">\r\n	第八天：大溪地（帕比提）Q 东京 Q北京<span></span>\r\n</p>\r\n<p class=\"MsoNormal\">\r\n	<b>&nbsp;</b>\r\n</p>\r\n<p class=\"MsoNormal\">\r\n	&nbsp;\r\n</p>\r\n<p class=\"MsoNormal\">\r\n	&nbsp;\r\n</p>',100,1398054937,1398055407,8,1,1,72),(27,'塞舌尔','s_','','<p class=\"MsoNormal\">\r\n	&nbsp; &nbsp;塞舌尔是\r\n《侏罗纪公园》《<span>007</span>》的外景地，被各大旅游杂志评选为世界十大最美海滩之首，同时它也是好莱坞明星度假首选地——威廉王子凯特王妃的蜜月，小贝和辣妹结婚十周年的度假地，都选择了塞舌尔。<span></span>\r\n</p>\r\n<p class=\"MsoNormal\">\r\n	<br />\r\n</p>\r\n<p class=\"MsoNormal\">\r\n	地处欧、亚、非三大洲中心地带的塞舌尔，是美到令人窒息的人间天堂。在这里，您可以尽情领略热闹繁华、拥有乐趣丛生的森林公园的塞舌尔第一大岛马埃岛；充满神秘气息、似妖娆女郎的普拉兰岛；海滩幽静、海浪壮观的拉格迪岛；每年吸引着<span>10</span>多万欧洲有钱人来这里“朝圣”的，拥有细腻如泥的细沙和碧蓝如水晶般透明的海水的博瓦隆；还有塞舌尔特有的最让人脸红的奇特植物的海椰子等等。<span></span>\r\n</p>\r\n<p class=\"MsoNormal\">\r\n	<br />\r\n</p>\r\n<p class=\"MsoNormal\">\r\n	在这里，远离尘嚣，触摸灵魂！\r\n</p>\r\n<p class=\"MsoNormal\">\r\n	&nbsp;\r\n</p>\r\n<p class=\"MsoNormal\">\r\n	&nbsp;\r\n</p>\r\n<p class=\"MsoNormal\">\r\n	&nbsp;\r\n</p>\r\n<p class=\"MsoNormal\">\r\n	塞舌尔５晚７天参考行程<span></span>\r\n</p>\r\n<p class=\"MsoNormal\">\r\n	&nbsp;\r\n</p>\r\n<p class=\"MsoNormal\" style=\"margin-left:60.0pt;text-indent:-60.0pt;\">\r\n	第一天<span>&nbsp;&nbsp;&nbsp; </span>北京<span> / </span>塞舌尔<span>&nbsp; </span>从北京出发，经第三国转机，前往塞舍尔。抵达塞舌尔马埃岛，专车接送酒店休息，后自由活动。<span></span>\r\n</p>\r\n<p class=\"MsoNormal\">\r\n	第二天<span> &nbsp;&nbsp; </span>马埃岛<span>&nbsp; </span>自由活动或自费前往马埃岛一日游。<span></span>\r\n</p>\r\n<p class=\"MsoNormal\">\r\n	第三天<span> &nbsp;&nbsp; </span>马埃岛<span>&nbsp; </span>自由活动或自费前往普拉兰岛及拉迪格岛一日游。<span></span>\r\n</p>\r\n<p class=\"MsoNormal\">\r\n	第四天<span> &nbsp;&nbsp; </span>马埃岛<span>&nbsp; </span>自由活动或自费前往海洋公园一日游。<span></span>\r\n</p>\r\n<p class=\"MsoNormal\">\r\n	第五天<span> &nbsp;&nbsp; </span>马埃岛<span>&nbsp; </span>自由活动<span></span>\r\n</p>\r\n<p class=\"MsoNormal\" style=\"margin-left:60.0pt;text-indent:-60.0pt;\">\r\n	第六天<span>&nbsp;&nbsp;&nbsp; </span>塞舌尔<span> / </span>北京<span>&nbsp; </span>午间办好退房手续可把行李寄存于酒店前台。下午<span>/</span>晚间送机场乘机从第三国转机返回北京。<span></span>\r\n</p>\r\n<p class=\"MsoNormal\">\r\n	第七天<span> &nbsp;&nbsp; </span>北京<span>&nbsp;&nbsp;&nbsp; </span>抵达北京。<span></span>\r\n</p>',100,1398054950,1398055469,8,1,1,72),(28,'毛里求斯','s_','','<p class=\"MsoNormal\">\r\n	&nbsp; &nbsp; 毛里求斯，被誉为印度洋上的三大明珠之一，位于印度洋西南方，在非洲第一大岛马达加斯加以东约<span>900</span>公里，距非洲大陆<span>2200</span>公里。毛里求斯的国鸟是已经绝迹的“多多鸟”，这里盛产甘蔗。在这里您可以到庞普勒斯植物园观赏到世界上最大的大睡莲以及其他珍稀植物，如彩虹一般绵延的七色土，乘坐双体船出海看海豚，观赏鹿洞火山、红顶教堂和瀑布，还可在首都圣路易港尽情游览购物，还能跟可以驮人的巨大象龟亲密接触。<span></span>\r\n</p>\r\n<p class=\"MsoNormal\">\r\n	&nbsp;\r\n</p>\r\n<p class=\"MsoNormal\">\r\n	毛里求斯，一个充满瑰丽色彩和无限乐趣的彩虹之国，它永远不会让亲近它的人失望。<span></span>\r\n</p>\r\n<p class=\"MsoNormal\">\r\n	&nbsp;\r\n</p>\r\n<p class=\"MsoNormal\">\r\n	毛里求斯<span>5</span>晚<span>7</span>天惬意之旅行程：<span></span>\r\n</p>\r\n<p class=\"MsoNormal\">\r\n	第一天：北京<b>Q</b>毛里求斯<span></span>\r\n</p>\r\n<p class=\"MsoNormal\">\r\n	第二天：入住酒店，可漫步私人海滩，亦可选择酒店<span>SPA</span>，放松享受<span></span>\r\n</p>\r\n<p class=\"MsoNormal\">\r\n	第三天：自由活动（或建议选择首都路易港<span>+Waterfront+</span>皇家植物园活动）<span></span>\r\n</p>\r\n<p class=\"MsoNormal\">\r\n	第四天：自由活动选择喜欢的自费项目进行游览<span></span>\r\n</p>\r\n<p class=\"MsoNormal\">\r\n	第五天：自由活动（或建议全日出海巡游<span>+BBQ</span>烧烤活动）<span></span>\r\n</p>\r\n<p class=\"MsoNormal\">\r\n	第六天：自由活动或选择喜欢的自费项目进行游览<span></span>\r\n</p>\r\n<p class=\"MsoNormal\">\r\n	第七天：毛里求斯<b>Q</b>北京（次日早晨抵达）<span></span>\r\n</p>',100,1398054960,1398055531,8,1,1,72),(29,'帕劳','s_','','<p class=\"MsoNormal\">\r\n	&nbsp; &nbsp; 上帝的水族箱，南太平洋上的翡翠王国，美国国家地理杂志评出的<span>50</span>个人生必去地之一，世界潜水爱好者的潜水圣地，这些标签都属于一个美丽的地方——帕劳。<span></span>\r\n</p>\r\n<p class=\"MsoNormal\">\r\n	&nbsp;\r\n</p>\r\n<p class=\"MsoNormal\">\r\n	在这里，您可以品尝椰香四溢的椰子蟹，挑战味蕾的蝙蝠汤，在构造独特的大断层潜水，亲密接触美丽珊瑚，赏独一无二的无毒水母湖和可以美容养颜的牛奶湖，观赏原始野生红树林，再逗逗鲨鱼，跟百年大干贝合影留念……天天玩转出海不重样！<span></span>\r\n</p>\r\n<p class=\"MsoNormal\">\r\n	&nbsp;\r\n</p>\r\n<p class=\"MsoNormal\">\r\n	璀璨帕劳，私享纯静！<span></span>\r\n</p>\r\n<p class=\"MsoNormal\">\r\n	&nbsp;\r\n</p>\r\n<p class=\"MsoNormal\">\r\n	<span style=\"line-height:1.5;\">4晚</span><span style=\"line-height:1.5;\">5</span><span style=\"line-height:1.5;\">天惊艳帕劳之旅行程：</span>\r\n</p>\r\n<p class=\"MsoNormal\">\r\n	<span></span>\r\n</p>\r\n<p class=\"MsoNormal\">\r\n	第一天：北京<b>Q</b><b> </b>首尔（转机）<b>Q</b>帕劳<span></span>\r\n</p>\r\n<p class=\"MsoNormal\">\r\n	第二天：帕劳帆船出海（可选自由活动或选择市区游览）百年干贝城，蓝色珊瑚礁<span></span>\r\n</p>\r\n<p class=\"MsoNormal\" style=\"margin-left:42.0pt;text-indent:-42.0pt;\">\r\n	第三天：帕劳快艇出海（可选自由活动），观牛奶湖，鲸鱼岛，德国水道，七十岛，水母湖；在大断层，万象珊瑚区浮潜；品爱之船晚宴<span></span>\r\n</p>\r\n<p class=\"p0\">\r\n	第四天：帕劳快艇出海（可选自由活动）<span>,</span>展开拖钓之旅，在半月湾海滩附近浮潜，造访红树林，七彩指状珊瑚区，巨型玫瑰珊瑚区，桌面珊瑚生态保育区，北岛大断层<span></span>\r\n</p>\r\n<p class=\"p0\">\r\n	第五天：帕劳<b>Q</b>首尔（转机）<b>Q</b>北京\r\n</p>\r\n<p class=\"p0\">\r\n	&nbsp;\r\n</p>\r\n<p class=\"MsoNormal\">\r\n	5晚<span>6</span>天悠享帕劳之旅行程<span></span>\r\n</p>\r\n<p class=\"MsoNormal\">\r\n	第一天：北京<b>Q</b><b> </b>首尔（转机）<b>Q</b>帕劳<span></span>\r\n</p>\r\n<p class=\"MsoNormal\">\r\n	第二天：（赠送）市区观光<span>+</span>红树林海上巡弋<span>+3D</span>半潜水艇出海（可选自由活动）<span></span>\r\n</p>\r\n<p class=\"MsoNormal\">\r\n	第三天： 帕劳帆船出海（可选自由活动），观牛奶湖，鲸鱼岛，德国水道，七十岛，水母湖；在大断层，万象珊瑚区浮潜；品爱之船晚宴<span></span>\r\n</p>\r\n<p class=\"MsoNormal\" style=\"margin-left:42.0pt;text-indent:-42.0pt;\">\r\n	第四天：帕劳快艇出海（可选自由活动），观鲨鱼城，百年干贝城，蓝色珊瑚礁<span></span>\r\n</p>\r\n<p class=\"p0\" style=\"margin-left:42.0pt;text-indent:-42.0pt;\">\r\n	第五天：帕劳快艇出海（可选自由活动）<span>,</span>展开拖钓之旅，在半月湾海滩附近浮潜，造访红树林，七彩指状珊瑚区，巨型玫瑰珊瑚区，桌面珊瑚生态保育区，北岛大断层<span></span>\r\n</p>\r\n<p class=\"p0\">\r\n	第六天：帕劳<b>Q</b>首尔（转机）<b>Q</b>北京\r\n</p>\r\n<div>\r\n	<br />\r\n</div>',100,1398054968,1398055437,8,1,1,72),(30,'健康旅行','s_','','健康旅行健康旅行健康旅行',100,1398054987,1398054987,8,1,1,73),(31,'自驾车','s_','','自驾车自驾车自驾车自驾车',100,1398054996,1398054996,8,1,1,73),(32,'商务定制','s_','','商务定制商务定制商务定制商务定制',100,1398055003,1398055003,8,1,1,73),(33,'游学定制','s_','','游学定制游学定制游学定制游学定制',100,1398055012,1398055012,8,1,1,73),(34,'土耳其','s_','','土耳其土耳其土耳其土耳其',100,1398055035,1398055035,8,1,1,74),(35,'奥匈自驾','s_','','奥匈自驾奥匈自驾奥匈自驾奥匈自驾',100,1398055046,1398055046,8,1,1,74),(36,'德奥亲子团','s_','','德奥亲子团德奥亲子团德奥亲子团德奥亲子团',100,1398055055,1398055055,8,1,1,74),(37,'伊朗','s_','','伊朗伊朗伊朗',100,1398055063,1398055063,8,1,1,74),(38,'墨西哥&amp;古巴','s_','','墨西哥&amp;古巴墨西哥&amp;古巴墨西哥&amp;古巴',100,1398055071,1398055071,8,1,1,74),(39,'津巴布韦&amp;纳米比亚','s_','','津巴布韦&amp;纳米比亚津巴布韦&amp;纳米比亚津巴布韦&amp;纳米比亚津巴布韦&amp;纳米比亚津巴布韦&amp;纳米比亚津巴布韦&amp;纳米比亚津巴布韦&amp;纳米比亚',100,1398055078,1398055078,8,1,1,74),(40,'南非彩虹之旅','s_','','南非彩虹之旅南非彩虹之旅南非彩虹之旅',100,1398055086,1398055086,8,1,1,74),(41,'公司介绍','s_','','&nbsp; &nbsp; &nbsp;悦游五洲是一个定制旅游和休闲度假的专业品牌，品牌创始人史本晓（查理）先生是旅游业界资深专业旅游人，同时也是中世金桥国际旅行社的副总经理，还是一位热心于公众旅游事业的旅游传媒达人，活跃于影视，广播，平面等等多方面的媒体，是旅游卫视，深圳卫视，中央人民广播电台等多家媒体的特约嘉宾，是高端定制旅游的先锋，同时，奉行高端未必高价的定制原则，受到众多热爱旅游人士们的好评。<br />\r\n&nbsp; &nbsp; 悦游五洲品牌曾为很多机构和个人提供过服务，例如：德国军乐比赛期间负责安排所有中方的军乐团组；协助某银行举办过百人迪拜高尔夫友谊赛；法兰克福和米兰卫浴展览活动；某大学EMBA的欧洲商务活动；某上市公司南非的商务考察活动；某大型国企南美的商务考察活动；南极探险游；北极点破冰之旅；某投资公司的迪拜拓展活动；希腊集体婚礼团；某摄影家的非洲摄影旅行；斐济•帕劳•大溪地•奥地利的婚礼；跨国IT公司的泰国拓展活动等等。<br />\r\n&nbsp; &nbsp; &nbsp;2014年我们在奥地利的维也纳，南非的开普敦，帕劳，塞舌尔，美国的洛杉矶分别开设了分支机构，以加强我们的接待能力，提高我们的接待水准，相信我们真诚的服务会带给您满意的旅程。<br />\r\n&nbsp; &nbsp; &nbsp; 悦旅游，悦生活，悦游五洲为您奉献高品质和高性价比的贴心旅游服务。<br />\r\n<div>\r\n	<br />\r\n</div>',100,1398055141,1398055141,8,1,1,75),(42,'旅行评论','s_','','旅行评论旅行评论旅行评论',100,1398055286,1398055286,8,1,1,71),(43,'人文风景','s_','','人文风景',100,1398055307,1398055307,8,1,1,71);
/*!40000 ALTER TABLE `article` ENABLE KEYS */;
UNLOCK TABLES;

--
-- Table structure for table `audiences`
--

DROP TABLE IF EXISTS `audiences`;
/*!40101 SET @saved_cs_client     = @@character_set_client */;
/*!40101 SET character_set_client = utf8 */;
CREATE TABLE `audiences` (
  `auid` int(11) NOT NULL AUTO_INCREMENT,
  `auname` varchar(20) CHARACTER SET utf8 DEFAULT '' COMMENT '姓名',
  `auphone` varchar(11) CHARACTER SET utf8 DEFAULT '' COMMENT '你的手机',
  `ausex` tinyint(4) DEFAULT '1' COMMENT '性别 默认是1 1男2女',
  `aumembermun` varchar(20) CHARACTER SET utf8 DEFAULT '0' COMMENT '会员卡号',
  `openid` varchar(50) CHARACTER SET utf8 DEFAULT NULL COMMENT 'openid',
  `add_time` int(11) DEFAULT NULL,
  `edit_time` int(11) DEFAULT NULL,
  `pub_id` int(11) DEFAULT NULL,
  `is_del` tinyint(6) DEFAULT '1' COMMENT '默认为1 0删除1不删除',
  PRIMARY KEY (`auid`)
) ENGINE=MyISAM AUTO_INCREMENT=15 DEFAULT CHARSET=utf8 COLLATE=utf8_unicode_ci;
/*!40101 SET character_set_client = @saved_cs_client */;

--
-- Dumping data for table `audiences`
--

LOCK TABLES `audiences` WRITE;
/*!40000 ALTER TABLE `audiences` DISABLE KEYS */;
INSERT INTO `audiences` VALUES (11,'叶叶','18201481700',1,'12451585','o_ow9uCu8YNmlTLTTV-K0gGnMBIg',1387124515,1387124515,2,1),(10,'312312','18511868436',1,'13484339','o_ow9uDpzXWD_e3SgxJvVp5NKY3U',1387034843,1387034843,4,1),(9,'熊伟','18511868436',1,'13464416','o3Od7uNJWCxGFePOYknRYaR_lXlQ',1387034644,1387034644,5,1),(5,'老胡','18656785432',1,'138604250551','o_ow9uFStxdaRx85PzUWePJysQJ0',1386042505,1386042505,2,1),(12,'雄伟','18612258196',1,'13910745','o_ow9uDpzXWD_e3SgxJvVp5NKY3U',1390739107,1390739107,2,1),(13,'曹魏','18614031072',1,'18609341','o_ow9uAhDO-0bS2gAbWLQ4ebWKOU',1390986093,1390986093,2,1),(14,'曹伟','18614031702',1,'13476062','o3Od7uGt0x11MHmO0_hjc4BhiUgk',1393834760,1393834760,5,1);
/*!40000 ALTER TABLE `audiences` ENABLE KEYS */;
UNLOCK TABLES;

--
-- Table structure for table `callback_concerned`
--

DROP TABLE IF EXISTS `callback_concerned`;
/*!40101 SET @saved_cs_client     = @@character_set_client */;
/*!40101 SET character_set_client = utf8 */;
CREATE TABLE `callback_concerned` (
  `id` tinyint(4) NOT NULL AUTO_INCREMENT,
  `table_name` varchar(20) DEFAULT '',
  `pub_id` tinyint(4) DEFAULT '0',
  PRIMARY KEY (`id`)
) ENGINE=InnoDB AUTO_INCREMENT=11 DEFAULT CHARSET=utf8;
/*!40101 SET character_set_client = @saved_cs_client */;

--
-- Dumping data for table `callback_concerned`
--

LOCK TABLES `callback_concerned` WRITE;
/*!40000 ALTER TABLE `callback_concerned` DISABLE KEYS */;
INSERT INTO `callback_concerned` VALUES (2,'callback_img',15),(3,'callback_img',1),(4,'callback_word',2),(5,'callback_img',3),(6,'callback_img',4),(7,'callback_img',5),(8,'callback_img',6),(9,'callback_img',7),(10,'callback_img',8);
/*!40000 ALTER TABLE `callback_concerned` ENABLE KEYS */;
UNLOCK TABLES;

--
-- Table structure for table `callback_default`
--

DROP TABLE IF EXISTS `callback_default`;
/*!40101 SET @saved_cs_client     = @@character_set_client */;
/*!40101 SET character_set_client = utf8 */;
CREATE TABLE `callback_default` (
  `id` tinyint(4) NOT NULL AUTO_INCREMENT,
  `table_name` varchar(20) DEFAULT '',
  `pub_id` tinyint(4) DEFAULT '0',
  PRIMARY KEY (`id`)
) ENGINE=InnoDB AUTO_INCREMENT=10 DEFAULT CHARSET=utf8;
/*!40101 SET character_set_client = @saved_cs_client */;

--
-- Dumping data for table `callback_default`
--

LOCK TABLES `callback_default` WRITE;
/*!40000 ALTER TABLE `callback_default` DISABLE KEYS */;
INSERT INTO `callback_default` VALUES (3,'callback_img',15),(4,'callback_img',1),(5,'callback_word',2),(6,'callback_img',4),(7,'callback_img',5),(8,'callback_img',7),(9,'callback_img',8);
/*!40000 ALTER TABLE `callback_default` ENABLE KEYS */;
UNLOCK TABLES;

--
-- Table structure for table `callback_img`
--

DROP TABLE IF EXISTS `callback_img`;
/*!40101 SET @saved_cs_client     = @@character_set_client */;
/*!40101 SET character_set_client = utf8 */;
CREATE TABLE `callback_img` (
  `id` int(5) NOT NULL AUTO_INCREMENT,
  `title` varchar(60) DEFAULT '',
  `des` varchar(90) DEFAULT '',
  `img_path` varchar(100) DEFAULT '',
  `keyword` varchar(20) DEFAULT '',
  `pub_id` tinyint(4) DEFAULT '0',
  `sub` tinyint(2) DEFAULT '0',
  `default` tinyint(2) DEFAULT '0',
  `addtime` varchar(25) DEFAULT '',
  `url` varchar(200) DEFAULT '',
  `father` tinyint(4) DEFAULT '0',
  PRIMARY KEY (`id`)
) ENGINE=InnoDB AUTO_INCREMENT=42 DEFAULT CHARSET=utf8;
/*!40101 SET character_set_client = @saved_cs_client */;

--
-- Dumping data for table `callback_img`
--

LOCK TABLES `callback_img` WRITE;
/*!40000 ALTER TABLE `callback_img` DISABLE KEYS */;
INSERT INTO `callback_img` VALUES (8,'cw','cw','Uploads/General/2/s_528cccc7aed22.jpg','大转盘',2,0,0,'2013-11-12 16:48:51','http://wx.wtimes.com.cn/index.php/Home/Interest/wheel/wtimesid/2',0),(17,'在线申请公众帐号入住','在线申请公众帐号入住','Uploads/General/1/s_52851353a7743.jpg','',1,0,0,'2013-11-15 02:19:45','http://wx.wtimes.com.cn/index.php/Home/General/orders/wtimesid/1',15),(18,'恶搞的法国队','恶搞的法国队','Uploads/General/1/s_5284d4dbe2d16.jpg','ha,bb',1,0,0,'2013-11-14 21:49:15','http://wx.wtimes.com.cn/index.php/Home/General/index/wtimesid/1',0),(20,'新品','这里是新品','Uploads/General/3/s_528c6a21d86e2.jpg','新品',3,0,0,'2013-11-20 15:52:01','',0),(21,'','','s_','',3,1,0,'2013-11-20 20:23:07','',0),(22,'唯诺国际文化传播微网站正式上线了','唯诺国际文化传播微网站正式上线了','Uploads/General/4/s_5294cb95ab9a4.jpg','',4,1,0,'2013-11-27 00:25:57','http://wx.wtimes.com.cn/index.php/Home/General/index/wtimesid/4',0),(23,'默认回复图文','默认回复图文默认回复图文','Uploads/General/4/s_5294cd924bad8.jpg','',4,0,1,'2013-11-27 07:44:32','http://wx.wtimes.com.cn/index.php/Home/General/index/wtimesid/4',0),(24,'北京医院微官网正式上线了！！！','北京医院的前身是德国医院，始建于1905年。现为卫生部直属的三级甲等医院，是中央的干部保健基地。北京医院是一所以高干医疗保健为中心、老年医学研究为重点 、向社会全面开放的融医疗、教','Uploads/Medical/5/s_532334c12f281.png','',5,1,0,'2014-03-15 00:58:52','http://wx.1maipin.cn/index.php/Home/Medical/index/wtimesid/5/wxref/mp.weixin.qq.com',0),(27,'北京医院欢迎您！！！','北京医院的前身是德国医院，始建于1905年。现为卫生部直属的三级甲等医院，是中央的干部保健基地。北京医院是一所以高干医疗保健为中心、老年医学研究为重点 、向社会全面开放的融医疗、教','Uploads/Medical/5/s_5323350929ede.png','',5,0,1,'2014-03-15 00:59:03','http://wx.1maipin.cn/index.php/Home/Medical/index/wtimesid/5/wxref/mp.weixin.qq.com',0),(28,'取票系统','快来取票订餐享受优惠吧','Uploads/Food/4/s_52ad9beb2c5e3.jpg','取票',4,0,0,'2013-12-15 20:09:15','http://wx.wtimes.com.cn/index.php/Home/Food/ticket/id/1/wtimesid/4',0),(29,'三众传媒','三众传媒三众传媒','Uploads/General/6/s_52b4fc0d716e9.jpg','',6,1,0,'2013-12-21 10:25:42','http://wx.wtimes.com.cn/index.php/Home/General/index/wtimesid/6/wxref/mp.weixin.qq.com',0),(30,'三众传媒','三众传媒三众传媒','Uploads/Estate/7/s_530cc23e5f3e1.png','',7,1,0,'2014-02-26 00:18:18','http://wx.wtimes.com.cn/index.php/Home/General/index/wtimesid/7/wxref/mp.weixin.qq.com',0),(32,'三众传媒（默认回复）','三众传媒三众传媒','Uploads/General/7/s_52b5028f3fb6d.jpg','',7,0,1,'2013-12-21 10:53:03','http://wx.wtimes.com.cn/index.php/Home/General/index/wtimesid/7/wxref/mp.weixin.qq.com',0),(33,'360全景看房隆重推出','wtimes360全景看房功能隆重推出','Uploads/General/2/s_52bb954c21506.jpg','360全景看房',2,0,0,'2013-12-26 10:32:44','http://wx.wtimes.com.cn/demo/3Dsee/3dshow.html',0),(34,'欢迎进入邓家佳官网，惊喜在等待着您。。。','欢迎进入邓家佳官网，惊喜在等待着您。。。','Uploads/General/2/s_52cff3a05f4e6.jpg','1',2,0,0,'2014-01-10 21:20:32','http://wx.1maipin.cn/index.php/Home/General/index/wtimesid/2/wxref/mp.weixin.qq.com',0),(35,'领取邓家佳官网的会员卡','领取邓家佳官网的会员卡','Uploads/General/2/s_52cff3efd0ef8.jpg','2',2,0,0,'2014-01-10 21:21:51','http://wx.1maipin.cn/index.php/Member/register/wtimesid/2/wxref/mp.weixin.qq.com',0),(36,'欢迎进入邓家佳微商城','欢迎进入邓家佳微商城，带您体验不一样的购物之旅。。。','Uploads/General/2/s_52cff44a9792b.jpg','3',2,0,0,'2014-01-10 21:23:22','http://wx.1maipin.cn/index.php/Home/Shop/index/shopid/2/wxref/mp.weixin.qq.com',0),(37,'邓家佳微商城最新商品，赶紧来看看吧！','邓家佳微商城最新商品，赶紧来看看吧！','Uploads/General/2/s_52cff49f8a976.jpg','fuck',2,0,0,'2014-01-10 21:24:47','http://wx.wtimes.com.cn/index.php/Home/Shop/pro/type_id/7/wxref/mp.weixin.qq.com',0),(39,'官网','三众传媒三众传媒','Uploads/Estate/7/s_530cc27a1bb25.png','官网',7,0,0,'2014-02-26 00:19:06','http://wx.wtimes.com.cn/index.php/Home/Estate/index/wtimesid/7/wxref/mp.weixin.qq.com',0),(40,'欢迎浏览悦游五洲全新微网站','欢迎浏览悦游五洲全新微网站','Uploads/General/8/s_5354a3f0621c8.JPG','',8,1,0,'2014-04-21 12:52:00','http://wx.1maipin.cn/index.php/Home/General/index/wtimesid/8/wxref/mp.weixin.qq.com',0),(41,'欢迎浏览悦游五洲全新微网站','欢迎浏览悦游五洲全新微网站','Uploads/General/8/s_5354a5d455438.jpg','',8,0,1,'2014-04-22 09:08:02','http://wx.1maipin.cn/index.php/Home/General/index/wtimesid/8/wxref/mp.weixin.qq.com',0);
/*!40000 ALTER TABLE `callback_img` ENABLE KEYS */;
UNLOCK TABLES;

--
-- Table structure for table `callback_location`
--

DROP TABLE IF EXISTS `callback_location`;
/*!40101 SET @saved_cs_client     = @@character_set_client */;
/*!40101 SET character_set_client = utf8 */;
CREATE TABLE `callback_location` (
  `id` tinyint(6) NOT NULL AUTO_INCREMENT,
  `company` varchar(50) DEFAULT '',
  `phone` varchar(20) DEFAULT '',
  `address` varchar(100) DEFAULT '',
  `api_address` varchar(100) DEFAULT '',
  `info` varchar(100) DEFAULT '',
  `lng` decimal(10,6) DEFAULT '116.404000',
  `lat` decimal(10,6) DEFAULT '39.915000',
  `map_path` varchar(70) DEFAULT '',
  `keyword` varchar(60) DEFAULT '',
  `pub_id` tinyint(4) DEFAULT '0',
  `choose` tinyint(2) DEFAULT '0',
  `addtime` varchar(25) DEFAULT '',
  PRIMARY KEY (`id`)
) ENGINE=InnoDB AUTO_INCREMENT=3 DEFAULT CHARSET=utf8;
/*!40101 SET character_set_client = @saved_cs_client */;

--
-- Dumping data for table `callback_location`
--

LOCK TABLES `callback_location` WRITE;
/*!40000 ALTER TABLE `callback_location` DISABLE KEYS */;
INSERT INTO `callback_location` VALUES (1,'清华大学','2147483647','清华大学清华大学清华大学','北京市朝阳区清华大学第一附属医院','这里是清华大学','116.501760','39.971136','Uploads/General/2/s_5284f0224bfcb.jpg','地址',2,0,'2013-11-20 14:26:20'),(2,'北京语言大学','18310428263','北京语言大学','北京市海淀区北京语言大学东门','哈哈哈','116.359226','40.001568','Uploads/General/1/s_52861991f2d27.jpg','店2',1,0,'2013-11-15 20:54:41');
/*!40000 ALTER TABLE `callback_location` ENABLE KEYS */;
UNLOCK TABLES;

--
-- Table structure for table `callback_music`
--

DROP TABLE IF EXISTS `callback_music`;
/*!40101 SET @saved_cs_client     = @@character_set_client */;
/*!40101 SET character_set_client = utf8 */;
CREATE TABLE `callback_music` (
  `id` int(5) NOT NULL AUTO_INCREMENT,
  `title` varchar(50) DEFAULT '',
  `des` varchar(50) DEFAULT '',
  `music_path` varchar(100) DEFAULT '',
  `pub_id` tinyint(4) DEFAULT '0',
  `keyword` varchar(20) DEFAULT NULL,
  `sub` tinyint(2) DEFAULT '0',
  `default` tinyint(2) DEFAULT '0',
  `addtime` varchar(25) DEFAULT '',
  `weburl` varchar(200) DEFAULT '',
  PRIMARY KEY (`id`)
) ENGINE=InnoDB AUTO_INCREMENT=14 DEFAULT CHARSET=utf8;
/*!40101 SET character_set_client = @saved_cs_client */;

--
-- Dumping data for table `callback_music`
--

LOCK TABLES `callback_music` WRITE;
/*!40000 ALTER TABLE `callback_music` DISABLE KEYS */;
INSERT INTO `callback_music` VALUES (10,'hiphop','就从今天开始吧','Uploads/General/2/5283216687858.mp3',2,'音乐',0,0,'2013-11-13 14:51:18','就从今天开始吧'),(11,'数学2','撒旦撒旦撒旦撒旦撒旦撒旦撒旦','Uploads/General/1/5286184733aff.mp3',1,'mus',0,0,'2013-11-15 20:49:11','http://www.youku.com'),(12,'','','',3,'',0,0,'2013-11-20 16:39:33',''),(13,'艾薇儿','艾薇尔形象代言','Uploads/General/5/53022c7c3da48.mp3',5,'音乐',0,0,'2014-02-17 23:36:28','');
/*!40000 ALTER TABLE `callback_music` ENABLE KEYS */;
UNLOCK TABLES;

--
-- Table structure for table `callback_word`
--

DROP TABLE IF EXISTS `callback_word`;
/*!40101 SET @saved_cs_client     = @@character_set_client */;
/*!40101 SET character_set_client = utf8 */;
CREATE TABLE `callback_word` (
  `id` int(5) NOT NULL AUTO_INCREMENT,
  `title` varchar(20) DEFAULT '',
  `content` text,
  `keyword` varchar(20) DEFAULT '',
  `pub_id` tinyint(4) DEFAULT '0',
  `sub` tinyint(2) DEFAULT '0',
  `default` tinyint(2) DEFAULT '0',
  `addtime` varchar(25) DEFAULT '',
  PRIMARY KEY (`id`)
) ENGINE=InnoDB AUTO_INCREMENT=18 DEFAULT CHARSET=utf8;
/*!40101 SET character_set_client = @saved_cs_client */;

--
-- Dumping data for table `callback_word`
--

LOCK TABLES `callback_word` WRITE;
/*!40000 ALTER TABLE `callback_word` DISABLE KEYS */;
INSERT INTO `callback_word` VALUES (5,'','       funck xiongwei                       ','fuck',1,0,0,'2013-11-12 15:48:27'),(8,'','欢迎海洋先生的关注 http://www.baidu.com\r\n这是崭新的时代\r\n这是微信的时代','你好',2,0,0,'2013-11-13 17:32:34'),(10,'','欢迎关注南京高立，请将您的需求按照提示回复1,aaaaaa2,bbbbbb3,cccccccc.....','你好',3,0,0,'2013-11-20 15:47:46'),(11,'','我们是做电梯的','1',3,0,0,'2013-11-20 15:48:03'),(12,'','我们的电梯非常好','2',3,0,0,'2013-11-20 15:48:12'),(13,'','我们是最牛逼的公司','3',3,0,0,'2013-11-20 15:48:24'),(15,'','哈哈哈哈','哈哈',4,0,0,'2013-12-15 20:03:41'),(16,'','幸会！我是邓家佳，很高兴认识您额！\r\n您好，当前您可以:\r\n1、回复“1”就可以进入邓家佳官网额！\r\n2、回复“2”就可以领取邓家佳官网的会员卡额！\r\n3、回复“3”就可以进入邓家佳的微商城额，赶紧来体验吧！\r\n4、回复“5”来查看最新推荐的商品吧，里面一定有您喜欢的！','',2,1,0,'2014-03-03 23:27:57'),(17,'邓家佳欢迎语','大家好！我是邓家佳，很高兴认识你！\r\n1、回复“1”就可以进入邓家佳官网额！\r\n2、回复“2”就可以领取邓家佳官网的会员卡额！\r\n3、回复“3”就可以进入邓家佳的微商城额，赶紧来体验吧！\r\n4、回复“5”来查看最新推荐的商品吧，里面一定有您喜欢的！','',2,0,1,'2014-01-12 13:37:24');
/*!40000 ALTER TABLE `callback_word` ENABLE KEYS */;
UNLOCK TABLES;

--
-- Table structure for table `cardtpl`
--

DROP TABLE IF EXISTS `cardtpl`;
/*!40101 SET @saved_cs_client     = @@character_set_client */;
/*!40101 SET character_set_client = utf8 */;
CREATE TABLE `cardtpl` (
  `ctpl_id` tinyint(2) NOT NULL AUTO_INCREMENT COMMENT '会员卡号模版id',
  `ctpl_path` varchar(50) CHARACTER SET utf8 DEFAULT '' COMMENT '会员卡图片路径',
  PRIMARY KEY (`ctpl_id`)
) ENGINE=MyISAM AUTO_INCREMENT=3 DEFAULT CHARSET=utf8 COLLATE=utf8_unicode_ci;
/*!40101 SET character_set_client = @saved_cs_client */;

--
-- Dumping data for table `cardtpl`
--

LOCK TABLES `cardtpl` WRITE;
/*!40000 ALTER TABLE `cardtpl` DISABLE KEYS */;
INSERT INTO `cardtpl` VALUES (1,'Public/image/Gengral/card_1.png'),(2,'Public/image/Gengral/card_2.png');
/*!40000 ALTER TABLE `cardtpl` ENABLE KEYS */;
UNLOCK TABLES;

--
-- Table structure for table `category`
--

DROP TABLE IF EXISTS `category`;
/*!40101 SET @saved_cs_client     = @@character_set_client */;
/*!40101 SET character_set_client = utf8 */;
CREATE TABLE `category` (
  `cid` int(11) NOT NULL AUTO_INCREMENT COMMENT '栏目id自增',
  `cname` varchar(10) DEFAULT '' COMMENT '栏目名称',
  `cpic` varchar(50) DEFAULT '' COMMENT '栏目图片',
  `urllj` varchar(200) DEFAULT NULL,
  `cinfo` text COMMENT '栏目简介',
  `add_time` int(11) DEFAULT NULL COMMENT '插入数据时间',
  `edit_time` int(11) DEFAULT NULL COMMENT '修改时间',
  `soft` tinyint(2) NOT NULL DEFAULT '50' COMMENT '排序',
  `bid` tinyint(5) NOT NULL DEFAULT '0' COMMENT '0是顶级栏目 其他是所属顶级栏目默认是0',
  `pub_id` tinyint(5) NOT NULL COMMENT '公众帐号id',
  `ind_id` tinyint(2) NOT NULL COMMENT '行业id',
  `is_del` tinyint(2) NOT NULL DEFAULT '1' COMMENT '1显示0删除',
  `bjcolors` varchar(10) DEFAULT '' COMMENT '顶级栏目各栏目背景色',
  `flag` tinyint(2) DEFAULT '1' COMMENT '0是文章1是类别',
  PRIMARY KEY (`cid`,`soft`,`bid`,`pub_id`,`ind_id`,`is_del`)
) ENGINE=MyISAM AUTO_INCREMENT=77 DEFAULT CHARSET=utf8;
/*!40101 SET character_set_client = @saved_cs_client */;

--
-- Dumping data for table `category`
--

LOCK TABLES `category` WRITE;
/*!40000 ALTER TABLE `category` DISABLE KEYS */;
INSERT INTO `category` VALUES (1,'美食活动','s_','','6Zi/5aOr5aSn5aSr6L6+5Yiw5rOV5a6a5pe25Y+R5pS+',1380872927,1380873818,50,0,15,1,0,'',0),(2,'美食活动2','s_','','6Zi/55Gf5Y+R5pS+',1380873963,1380873963,50,0,15,1,0,'',0),(3,'','s_','','',1380874592,1380874592,50,0,15,1,0,'',NULL),(4,'松岛枫v','s_','','',1380874606,1380874606,50,0,15,1,0,'',NULL),(5,'KKKKKK','s_','KK','S0tL',1380874658,1380874658,50,0,15,1,0,'KK',NULL),(6,'额尔德 ','Uploads/General/15/s_52636b8eb0d81.jpg','','<p>fgdfgdf妨功害能更好风格黄风怪韩国</p>',1380874699,1384083757,50,0,15,1,1,'#336666',0),(7,'iii','Uploads/general/s_524e7a3aa8466.jpg','','',1380874811,1380874865,50,0,15,1,0,'',0),(8,'AAAA','Uploads/General/15/s_52636b823eda0.jpg','AA','QUFBQUE=',1381048308,1382247298,50,0,15,1,0,'AA',0),(9,NULL,'Uploads/General/s_525274e1300d7.jpg',NULL,'',1381135586,1381135586,50,0,15,1,0,NULL,NULL),(10,'asdfsdgtrt','Uploads/General/15/s_52551c975abff.jpg','adada','YWRhZGZhZGY=',1381309591,1381309591,50,0,15,1,0,'adad',0),(11,'松岛枫','Uploads/General/15/s_5275154cb6f3f.jpg','http://www.baidu.com','YXNkZmFmZA==',1383404876,1383406396,50,0,15,1,0,'AA',0),(12,'饭岛爱','Uploads/General/15/s_527f719f603c9.jpg','','<p>阿娇阿娇阿娇阿娇阿娇啊</p>',1384083871,1384083871,50,0,15,1,1,'#336699',0),(13,'关于唯诺','Uploads/General/1/s_52824febe3b0b.jpg','','<p>VINO唯诺创立于2002年,是一家具资历和新活力的精品摄影公司,坐落于中国时尚之都-虎门,办公面积约1000平米.唯诺摄影本着<br /></p>',1384192696,1384441540,1,0,1,1,1,'#FF0000',0),(14,'在线留言','Uploads/General/1/s_5282545641c00.jpg','http://wx.wtimes.com.cn/index.php/Home/General/orders/wtimesid/1','<p>将您的需求告知我们</p>',1384192809,1384272982,51,0,1,1,1,'#660066',0),(15,'唯诺优势','Uploads/General/1/s_5282506fc2f2b.jpg','','<p>家居等多领域画册设计，包装设计<br /></p>',1384271983,1384272269,2,0,1,1,1,'#990000',0),(16,'公司团队','Uploads/General/1/s_528250aa71c8b.jpg','','<p>设计师一项需要思想和策略的工作<br /></p>',1384272042,1384272278,3,0,1,1,1,'#990066',0),(17,'案例展示','Uploads/General/1/s_5282513929334.jpg','http://wx.wtimes.com.cn/index.php/Home/General/sprolist/wtimesid/1','<p>唯诺部分案例展示</p>',1384272185,1384274981,4,0,1,1,1,'#FF00FF',0),(18,'领取会员卡','Uploads/General/1/s_528254f9903ea.jpg','http://wx.wtimes.com.cn/index.php/Member/register/wtimesid/1','<p>立即注册会员，赢取会员才有的尊享</p>',1384273145,1384273145,50,0,1,1,1,'#660000',0),(19,'关于我们','Uploads/General/2/s_5284f3b6420e1.jpg','','<p>拉姆一</p>',1384444854,1384444854,50,0,2,1,0,'#CC6600',0),(20,'饭岛爱','Uploads/General/2/s_5284f3dd1158d.jpg','','<p>阿打发地方</p>',1384444893,1384444893,50,0,2,1,0,'#6633CC',0),(21,'关于我们','Uploads/General/2/s_52864875722f1.jpg','','<p>WTIMES(星斗科技)致力打造中国微信营销第一品牌</p>',1384532085,1386391610,1,0,2,1,0,'#34d106',0),(22,'微店会员','Uploads/General/2/s_52cfe10db0136.png','http://wx.wtimes.com.cn/index.php/Member/register/wtimesid/2/wxref/mp.weixin.qq.com','<p>赶紧领取会员卡，实现正在的优惠...</p>',1384532449,1389355277,50,0,2,1,1,'#fd4871',0),(23,'渠道合作','Uploads/General/2/s_52864bc1ce552.jpg','','<p>期待您的加入，让我们一起来颠覆这个移动互联网时代</p>',1384532929,1386391672,4,0,2,1,0,'#fa5c2c',0),(24,'经典案例','Uploads/General/2/s_52864c0ebebf1.jpg','http://wx.wtimes.com.cn/index.php/Home/General/sprolist/wtimesid/2/wxref/mp.weixin.qq.com','<p>见证我们一直都在改变着世界</p>',1384533007,1386391648,3,0,2,1,0,'#fcaf2d',0),(25,'新闻动态','Uploads/General/2/s_52864f2402b77.jpg','','<p>时刻掌控市场信息，就在WTIMES动态</p>',1384533251,1386391630,2,0,2,1,0,'#07aed2',0),(26,'商城购物','Uploads/General/2/s_52cfe0dc118d7.png','http://wx.wtimes.com.cn/index.php/Home/Shop/index/shopid/2/wxref/mp.weixin.qq.com','<p>还在等什么，赶紧动起手来申请公众帐号入住吧！前10名会有惊喜额！！</p>',1384533416,1392828304,1,0,2,1,0,'#11b3a6',0),(27,'公司简介','Uploads/General/3/s_528c6b031a87a.jpg','','<p style=\"text-indent:40px;\"><span style=\"font-family:华文中宋;font-size:20px;\">南京高立工程机械有限公司成立于2003年8月，位于江宁区铜井镇，占地面积36000余平方，建筑面积20000平方，公司主要经营SC型施工升降机全系列研发、设计、生产、销售、租赁、安装、拆除等业务，是一家专业生产施工升降机的企业。</span></p><p style=\"text-indent:40px;\"><span style=\"font-family:华文中宋;font-size:20px;\"> </span></p><p style=\"text-indent:40px;\"><span style=\"font-family:华文中宋;font-size:20px;\">经过几年的努力，高立不断完善管理体系和流程，塑造企业文化，形成了企业价值观，并以“永恒信赖”为出发点，通过强调服务响应时效以及服务质量来强化质量意识，通过客户的需求以及建议来推动技术革新，逐步建立了以导向的组织系统。高立凭借优良的行业系统解决能力，迅速响应的服务特色在工程机械行业领域树立了为客户提供优质的形象。</span></p><p style=\"text-indent:40px;\"><span style=\"font-family:华文中宋;font-size:20px;\"> </span></p><p style=\"text-indent:40px;\"><span style=\"font-family:华文中宋;font-size:20px;\">高立牌SC200/200型施工升降机充分体现安全节能、以人为本的经营理念。由于传动系统采用新型箱式，取代了传统老式涡轮蜗杆减速机传动，不仅大大增加使用效率，排除了蜗轮蜗杆容易磨损而造成损坏的缺陷故障，延长整机使用寿命，而且每个吊笼只采取2个11KW的电机，整机4个电机44KW，比传统的6个电机的齿条机节省了22KW的功率。</span></p><p style=\"text-indent:40px;\"><span style=\"font-family:华文中宋;font-size:20px;\"> </span></p><p style=\"text-indent:40px;\"><span style=\"font-family:华文中宋;font-size:20px;\">高立以品质结合实用性生产的笼体结构，采用了全折边系列，以长3.2米 &nbsp;宽1.5米 &nbsp; 高2.5米内空的吊笼，增加了笼体的强度，保证了有效使用期限，笼体不会变形，运行整体感强、噪音低，高质量的漆面增强防腐性，体现出安全、厚重、大气的特点。</span></p><p style=\"text-indent:40px;\"><span style=\"font-family:华文中宋;font-size:20px;\"> </span></p><p style=\"text-indent:40px;\"><span style=\"font-family:华文中宋;font-size:20px;\">目前，高立机械已在多个省市设立了办事处，人员方面公司以多名优秀机械工程师及电器工程师为核心，打造了几十人的服务团队，配备了专业抢修及售后服务保障团队及车辆，构成了多支快速反应队伍，基本达到了300公里内5小时，100公里内2个小时能解决问题的能力，保证了“不能让我们的机械影响客户的施工进度”的公司服务标准。</span></p><p style=\"text-indent:40px;\"><span style=\"font-family:华文中宋;font-size:20px;\"> </span></p><p style=\"text-indent:40px;\"><span style=\"font-family:华文中宋;font-size:20px;\">高立将一如既往的坚持“客户至上，品质超群，追求卓越”的经营理念，与客户、合作伙伴结成利益共同体，并充分发挥高立品牌、资本、技术和市场优势、进一步提高服务质量和能力。为广大用户提供高品质、技术先进的产品和服务，我们将不断努力！</span></p><p> </p>',1384934147,1384937124,1,0,3,1,1,'#009900',0),(28,'高立新闻','Uploads/General/3/s_528c6b3254630.jpg','','<p>时事新闻在线</p>',1384934194,1384934487,2,0,3,1,1,'#FF6699',0),(29,'产品展示','Uploads/General/3/s_528c6b4f88786.jpg','','<p>产品展示产品展示产品展示<br /></p>',1384934223,1384934508,3,0,3,1,1,'#99FF99',0),(30,'合作方式','Uploads/General/3/s_528c6b6caceea.jpg','','<p>合作方式合作方式合作方式合作方式合作方式<br /></p>',1384934252,1384934524,4,0,3,1,1,'#6633FF',0),(31,'加盟合作','Uploads/General/3/s_528c6bc0dcc7a.jpg','http://wx.wtimes.com.cn/index.php/Home/General/orders/wtimesid/3','<p>加盟合作加盟合作加盟合作加盟合作<br /></p>',1384934337,1384934540,5,0,3,1,1,'#3399FF',0),(32,'会员优惠','Uploads/General/3/s_528c6bdf79e3a.jpg','http://wx.wtimes.com.cn/index.php/Member/register/wtimesid/3','<p>会员优惠会员优惠会员优惠会员优惠会员优惠<br /></p>',1384934367,1384934599,6,0,3,1,1,'#9933FF',0),(33,'我的微电影','Uploads/General/4/s_5294cb50c326e.png','http://wx.wtimes.com.cn/demo/General_tpl/video_list.html','',1385483065,1385483088,50,0,4,1,1,'',0),(34,'在线预约摄影','Uploads/General/4/s_5294ccd07ca10.jpg','http://wx.wtimes.com.cn/index.php/Home/General/orders/wtimesid/4','',1385483472,1385483485,1,0,4,1,1,'',0),(35,'娱乐活动','Uploads/General/2/s_52cfe097427c0.png','http://wx.wtimes.com.cn/index.php/Home/Interest/wheel/wtimesid/2','',1385998170,1389357346,6,0,2,1,1,'#c524c2',0),(36,'预约申请','Uploads/General/5/s_529f4c6fcef46.jpg','http://wx.wtimes.com.cn/index.php/Home/General/orders/wtimesid/5/wxref/mp.weixin.qq.com','',1386171503,1392649539,4,0,5,1,1,'#990000',0),(37,'微电影','Uploads/General/5/s_529f4cd0d9fef.png','http://wx.wtimes.com.cn/demo/General_tpl/video_list.html','',1386171567,1386171703,51,0,5,1,1,'#FF0066',0),(38,'会员中心','Uploads/General/5/s_529f4d11cd396.jpg','http://wx.wtimes.com.cn/index.php/Member/register/wtimesid/5/wxref/mp.weixin.qq.com','',1386171665,1392649559,5,0,5,1,1,'#FF00FF',0),(39,'餐厅介绍','Uploads/Food/4/s_52a42be887eeb.jpg','','<p><span style=\"font-size:12px;\">餐厅介绍餐厅介绍餐厅介绍餐厅介绍</span><br /></p>',1386488861,1386491396,50,0,4,3,1,'#00FF99',0),(40,'员工风采','Uploads/Food/4/s_52a42df91fa5c.jpg','','<p><span style=\"font-size:12px;\">员工风采员工风采员工风采员工风采员工风采</span><br /></p>',1386491385,1386491385,50,0,4,3,1,'#0099CC',0),(41,'科技指标','s_','','<p>科技指标科技指标科技指标科技指标<br /></p>',1387108692,1387109056,50,0,4,3,0,'#FFCC33',0),(42,'3123','Uploads/General/2/s_52ad9a397aab3.jpg','','',1387108921,1387108921,50,0,2,1,0,'',0),(43,'餐饮特色','Uploads/Food/4/s_52ad9b3637c67.jpg','','<p>餐饮特色餐饮特色餐饮特色餐饮特色<br /></p>',1387109087,1387109174,50,0,4,3,1,'',0),(44,'关于我们','Uploads/General/6/s_52b4fc5e67695.jpg','','<p>dxvd</p>',1387592798,1387592798,50,0,6,1,1,'#FF0000',0),(45,'测试栏目','Uploads/General/7/s_52b4ff6d9338c.jpg','','',1387593582,1387593582,50,0,7,1,0,'#990000',0),(46,'小区灯箱','s_','','<p><img src=\"http://wx.wtimes.com.cn/Uploads/editor/image/Admin/undefined/201312/48301387605503.jpg\" style=\"float:none;\" title=\".\" /></p><p><img src=\"http://wx.wtimes.com.cn/Uploads/editor/image/Admin/undefined/201312/74911387605505.jpg\" style=\"float:none;\" title=\"1.jpg\" /></p><p>小区广告位 24小时滚动 &nbsp;</p><p style=\"text-align:left;line-height:normal;\"><br /></p>',1387605639,1387605639,50,0,7,1,1,'#666666',0),(47,'3D店铺','Uploads/General/2/s_52cfe0733d47c.png','http://wx.wtimes.com.cn/demo/3Dsee/3dshow.html','',1388025483,1389357329,8,0,2,1,1,'#00FF66',0),(48,'公司动态','Uploads/General/2/s_52cfe1e2887d2.png','','佳佳最新动态最快展现粉丝面前',1389354871,1394100245,1,0,2,1,1,'#33CC00',0),(49,'家佳相册','Uploads/General/2/s_52cfe15657cc0.png','http://wxapi.1maipin.cn/index.php/Home/General/sprolist/wtimesid/2/wxref/mp.weixin.qq.com','',1389355350,1394190291,3,0,2,1,1,'',0),(50,'关于唯诺','Uploads/General/5/s_530225e862500.jpg','','',1392643723,1392649704,1,0,5,1,1,'#009966',0),(51,'精品案例','Uploads/General/5/s_5302264bb5b43.jpg','http://wx.wtimes.com.cn/index.php/Home/General/sprolist/wtimesid/5/wxref/mp.weixin.qq.com','',1392644037,1392649803,3,0,5,1,1,'#00CC66',0),(52,'公司团队','Uploads/General/5/s_530225f70e3f2.jpg','','',1392648876,1392649719,2,0,5,1,1,'',0),(53,'娱乐互动','Uploads/General/5/s_53022659795f8.jpg','http://wx.wtimes.com.cn/index.php/Home/Interest/wheel/wtimesid/5/mp.weixin.qq.com','',1392649460,1392649817,6,0,5,1,1,'',0),(54,'一键导航','s_','http://api.map.baidu.com/marker?location=22.828461,113.668318&amp;title=东莞唯诺国际文化传播机构&amp;content=广东省东莞市虎门镇解放路89号B栋2楼&amp;output=html','',1392652100,1392654781,50,0,5,1,1,'',0),(55,'互动游戏','Uploads/General/5/s_530231ed0fc23.jpg','http://resource.duopao.com/duopao/games/small_games/weixingame/sameclick/sameclick.htm','',1392652781,1392652781,50,0,5,1,1,'',0),(56,'佳佳新歌','Uploads/General/2/s_530d76da42158.jpg','http://www.baidu.com','最新单曲抢先听',1392824570,1393391322,50,0,2,1,1,'#CC9966',0),(57,'昆玉府动态','Uploads/Estate/7/s_5308aba2bdf49.jpg','','昆玉府动态昆玉府动态昆玉府动态昆玉府动态',1393076435,1393077154,50,0,7,2,0,'#00CC00',0),(58,'户型图','s_','http://wx.wtimes.com.cn/index.php/Home/Estate/layout_list/wtimesid/7/wxref/mp.weixin.qq.com','户型图户型图',1393344854,1393344874,50,0,7,2,1,'#00CC33',0),(59,'3D店铺','s_','','',1394105253,1394105253,50,0,2,1,1,'',1),(60,'21211221','s_','','',1394105291,1394105291,50,59,2,1,1,NULL,1),(61,'医院简介','Uploads/Medical/5/s_5330e3f232baa.jpg','http://wx.1maipin.cn/index.php/General/article_show/aid/23/wtimesid/5','医院简介医院简介医院简介医院简介',1394722814,1395713010,1,0,5,6,1,'',0),(62,'精品科室','Uploads/Medical/5/s_5330e3fce3732.jpg','http://wx.1maipin.cn/index.php/Home/Medical/kslist/wtimesid/5/wxref/mp.weixin.qq.com','精品科室精品科室精品科室精品科室',1394722842,1395713020,2,0,5,6,1,'',0),(63,'商城测试','Uploads/Medical/5/s_5330e40620ef2.jpg','http://wx.1maipin.cn/index.php/Home/Shop/index/shopid/5/wxref/mp.weixin.qq.com','专家团队专家团队专家团队专家团队',1394815079,1395713124,3,0,5,6,1,'',0),(64,'诊疗设备','Uploads/Medical/5/s_5330e43c4ecf1.jpg','','',1394815131,1395713084,6,0,5,6,1,'',0),(65,'特色服务','Uploads/Medical/5/s_5330e41c3ba53.jpg','','',1394815149,1395713052,5,0,5,6,1,'',0),(66,'来院路线','Uploads/Medical/5/s_5330e4287de58.jpg','','',1394815175,1395713064,7,0,5,6,1,'',0),(67,'新闻资讯','Uploads/Medical/5/s_5330e411da5c9.jpg','','',1394815203,1395713041,4,0,5,6,1,'',0),(68,'预约挂号','Uploads/Medical/5/s_5330e4487b94b.jpg','http://wx.1maipin.cn/index.php/Home/Medical/order/wtimesid/5/wxref/mp.weixin.qq.com','',1394815233,1395713096,8,0,5,6,1,'',0),(69,'游戏互动','Uploads/Medical/5/s_5330e456c63b5.jpg','','',1394816425,1395713110,50,0,5,6,1,'',0),(70,'商城','s_','http://wx.1maipin.cn/index.php/Home/Shop/index/shopid/2/wxref/mp.weixin.qq.com','阿斯大是大非',1398052388,1398052388,50,0,2,1,1,'#0099CC',0),(71,'旅途分享','Uploads/General/8/s_5355ba2b175ab.jpg','','旅途分享',1398053333,1398127147,1,0,8,1,1,'',0),(72,'海岛度假','Uploads/General/8/s_5355ba6936bd8.jpg','','海岛度假',1398053497,1398127209,2,0,8,1,1,'',0),(73,'为您定制','s_','','为您定制',1398053505,1398054867,3,0,8,1,1,'',0),(74,'查理推荐','s_','','查理推荐',1398053520,1398054903,4,0,8,1,1,'',0),(75,'公司介绍','s_','http://wx.1maipin.cn/index.php/General/article_show/aid/41/wtimesid/8/wxref/mp.weixin.qq.com','公司介绍',1398053719,1398055190,5,0,8,1,1,'',0),(76,'会员特权','s_','http://wx.1maipin.cn/index.php/Member/register/wtimesid/8/wxref/mp.weixin.qq.com','',1398053740,1398055814,6,0,8,1,1,'',0);
/*!40000 ALTER TABLE `category` ENABLE KEYS */;
UNLOCK TABLES;

--
-- Table structure for table `city`
--

DROP TABLE IF EXISTS `city`;
/*!40101 SET @saved_cs_client     = @@character_set_client */;
/*!40101 SET character_set_client = utf8 */;
CREATE TABLE `city` (
  `id` int(11) NOT NULL AUTO_INCREMENT,
  `cityID` varchar(6) COLLATE utf8_bin DEFAULT NULL,
  `city` varchar(50) COLLATE utf8_bin DEFAULT NULL,
  `father` varchar(6) COLLATE utf8_bin DEFAULT NULL,
  PRIMARY KEY (`id`),
  KEY `id` (`id`)
) ENGINE=InnoDB AUTO_INCREMENT=346 DEFAULT CHARSET=utf8 COLLATE=utf8_bin;
/*!40101 SET character_set_client = @saved_cs_client */;

--
-- Dumping data for table `city`
--

LOCK TABLES `city` WRITE;
/*!40000 ALTER TABLE `city` DISABLE KEYS */;
INSERT INTO `city` VALUES (1,'110100','市辖区','110000'),(2,'110200','县','110000'),(3,'120100','市辖区','120000'),(4,'120200','县','120000'),(5,'130100','石家庄市','130000'),(6,'130200','唐山市','130000'),(7,'130300','秦皇岛市','130000'),(8,'130400','邯郸市','130000'),(9,'130500','邢台市','130000'),(10,'130600','保定市','130000'),(11,'130700','张家口市','130000'),(12,'130800','承德市','130000'),(13,'130900','沧州市','130000'),(14,'131000','廊坊市','130000'),(15,'131100','衡水市','130000'),(16,'140100','太原市','140000'),(17,'140200','大同市','140000'),(18,'140300','阳泉市','140000'),(19,'140400','长治市','140000'),(20,'140500','晋城市','140000'),(21,'140600','朔州市','140000'),(22,'140700','晋中市','140000'),(23,'140800','运城市','140000'),(24,'140900','忻州市','140000'),(25,'141000','临汾市','140000'),(26,'141100','吕梁市','140000'),(27,'150100','呼和浩特市','150000'),(28,'150200','包头市','150000'),(29,'150300','乌海市','150000'),(30,'150400','赤峰市','150000'),(31,'150500','通辽市','150000'),(32,'150600','鄂尔多斯市','150000'),(33,'150700','呼伦贝尔市','150000'),(34,'150800','巴彦淖尔市','150000'),(35,'150900','乌兰察布市','150000'),(36,'152200','兴安盟','150000'),(37,'152500','锡林郭勒盟','150000'),(38,'152900','阿拉善盟','150000'),(39,'210100','沈阳市','210000'),(40,'210200','大连市','210000'),(41,'210300','鞍山市','210000'),(42,'210400','抚顺市','210000'),(43,'210500','本溪市','210000'),(44,'210600','丹东市','210000'),(45,'210700','锦州市','210000'),(46,'210800','营口市','210000'),(47,'210900','阜新市','210000'),(48,'211000','辽阳市','210000'),(49,'211100','盘锦市','210000'),(50,'211200','铁岭市','210000'),(51,'211300','朝阳市','210000'),(52,'211400','葫芦岛市','210000'),(53,'220100','长春市','220000'),(54,'220200','吉林市','220000'),(55,'220300','四平市','220000'),(56,'220400','辽源市','220000'),(57,'220500','通化市','220000'),(58,'220600','白山市','220000'),(59,'220700','松原市','220000'),(60,'220800','白城市','220000'),(61,'222400','延边朝鲜族自治州','220000'),(62,'230100','哈尔滨市','230000'),(63,'230200','齐齐哈尔市','230000'),(64,'230300','鸡西市','230000'),(65,'230400','鹤岗市','230000'),(66,'230500','双鸭山市','230000'),(67,'230600','大庆市','230000'),(68,'230700','伊春市','230000'),(69,'230800','佳木斯市','230000'),(70,'230900','七台河市','230000'),(71,'231000','牡丹江市','230000'),(72,'231100','黑河市','230000'),(73,'231200','绥化市','230000'),(74,'232700','大兴安岭地区','230000'),(75,'310100','市辖区','310000'),(76,'310200','县','310000'),(77,'320100','南京市','320000'),(78,'320200','无锡市','320000'),(79,'320300','徐州市','320000'),(80,'320400','常州市','320000'),(81,'320500','苏州市','320000'),(82,'320600','南通市','320000'),(83,'320700','连云港市','320000'),(84,'320800','淮安市','320000'),(85,'320900','盐城市','320000'),(86,'321000','扬州市','320000'),(87,'321100','镇江市','320000'),(88,'321200','泰州市','320000'),(89,'321300','宿迁市','320000'),(90,'330100','杭州市','330000'),(91,'330200','宁波市','330000'),(92,'330300','温州市','330000'),(93,'330400','嘉兴市','330000'),(94,'330500','湖州市','330000'),(95,'330600','绍兴市','330000'),(96,'330700','金华市','330000'),(97,'330800','衢州市','330000'),(98,'330900','舟山市','330000'),(99,'331000','台州市','330000'),(100,'331100','丽水市','330000'),(101,'340100','合肥市','340000'),(102,'340200','芜湖市','340000'),(103,'340300','蚌埠市','340000'),(104,'340400','淮南市','340000'),(105,'340500','马鞍山市','340000'),(106,'340600','淮北市','340000'),(107,'340700','铜陵市','340000'),(108,'340800','安庆市','340000'),(109,'341000','黄山市','340000'),(110,'341100','滁州市','340000'),(111,'341200','阜阳市','340000'),(112,'341300','宿州市','340000'),(113,'341400','巢湖市','340000'),(114,'341500','六安市','340000'),(115,'341600','亳州市','340000'),(116,'341700','池州市','340000'),(117,'341800','宣城市','340000'),(118,'350100','福州市','350000'),(119,'350200','厦门市','350000'),(120,'350300','莆田市','350000'),(121,'350400','三明市','350000'),(122,'350500','泉州市','350000'),(123,'350600','漳州市','350000'),(124,'350700','南平市','350000'),(125,'350800','龙岩市','350000'),(126,'350900','宁德市','350000'),(127,'360100','南昌市','360000'),(128,'360200','景德镇市','360000'),(129,'360300','萍乡市','360000'),(130,'360400','九江市','360000'),(131,'360500','新余市','360000'),(132,'360600','鹰潭市','360000'),(133,'360700','赣州市','360000'),(134,'360800','吉安市','360000'),(135,'360900','宜春市','360000'),(136,'361000','抚州市','360000'),(137,'361100','上饶市','360000'),(138,'370100','济南市','370000'),(139,'370200','青岛市','370000'),(140,'370300','淄博市','370000'),(141,'370400','枣庄市','370000'),(142,'370500','东营市','370000'),(143,'370600','烟台市','370000'),(144,'370700','潍坊市','370000'),(145,'370800','济宁市','370000'),(146,'370900','泰安市','370000'),(147,'371000','威海市','370000'),(148,'371100','日照市','370000'),(149,'371200','莱芜市','370000'),(150,'371300','临沂市','370000'),(151,'371400','德州市','370000'),(152,'371500','聊城市','370000'),(153,'371600','滨州市','370000'),(154,'371700','荷泽市','370000'),(155,'410100','郑州市','410000'),(156,'410200','开封市','410000'),(157,'410300','洛阳市','410000'),(158,'410400','平顶山市','410000'),(159,'410500','安阳市','410000'),(160,'410600','鹤壁市','410000'),(161,'410700','新乡市','410000'),(162,'410800','焦作市','410000'),(163,'410900','濮阳市','410000'),(164,'411000','许昌市','410000'),(165,'411100','漯河市','410000'),(166,'411200','三门峡市','410000'),(167,'411300','南阳市','410000'),(168,'411400','商丘市','410000'),(169,'411500','信阳市','410000'),(170,'411600','周口市','410000'),(171,'411700','驻马店市','410000'),(172,'420100','武汉市','420000'),(173,'420200','黄石市','420000'),(174,'420300','十堰市','420000'),(175,'420500','宜昌市','420000'),(176,'420600','襄樊市','420000'),(177,'420700','鄂州市','420000'),(178,'420800','荆门市','420000'),(179,'420900','孝感市','420000'),(180,'421000','荆州市','420000'),(181,'421100','黄冈市','420000'),(182,'421200','咸宁市','420000'),(183,'421300','随州市','420000'),(184,'422800','恩施土家族苗族自治州','420000'),(185,'429000','省直辖行政单位','420000'),(186,'430100','长沙市','430000'),(187,'430200','株洲市','430000'),(188,'430300','湘潭市','430000'),(189,'430400','衡阳市','430000'),(190,'430500','邵阳市','430000'),(191,'430600','岳阳市','430000'),(192,'430700','常德市','430000'),(193,'430800','张家界市','430000'),(194,'430900','益阳市','430000'),(195,'431000','郴州市','430000'),(196,'431100','永州市','430000'),(197,'431200','怀化市','430000'),(198,'431300','娄底市','430000'),(199,'433100','湘西土家族苗族自治州','430000'),(200,'440100','广州市','440000'),(201,'440200','韶关市','440000'),(202,'440300','深圳市','440000'),(203,'440400','珠海市','440000'),(204,'440500','汕头市','440000'),(205,'440600','佛山市','440000'),(206,'440700','江门市','440000'),(207,'440800','湛江市','440000'),(208,'440900','茂名市','440000'),(209,'441200','肇庆市','440000'),(210,'441300','惠州市','440000'),(211,'441400','梅州市','440000'),(212,'441500','汕尾市','440000'),(213,'441600','河源市','440000'),(214,'441700','阳江市','440000'),(215,'441800','清远市','440000'),(216,'441900','东莞市','440000'),(217,'442000','中山市','440000'),(218,'445100','潮州市','440000'),(219,'445200','揭阳市','440000'),(220,'445300','云浮市','440000'),(221,'450100','南宁市','450000'),(222,'450200','柳州市','450000'),(223,'450300','桂林市','450000'),(224,'450400','梧州市','450000'),(225,'450500','北海市','450000'),(226,'450600','防城港市','450000'),(227,'450700','钦州市','450000'),(228,'450800','贵港市','450000'),(229,'450900','玉林市','450000'),(230,'451000','百色市','450000'),(231,'451100','贺州市','450000'),(232,'451200','河池市','450000'),(233,'451300','来宾市','450000'),(234,'451400','崇左市','450000'),(235,'460100','海口市','460000'),(236,'460200','三亚市','460000'),(237,'469000','省直辖县级行政单位','460000'),(238,'500100','市辖区','500000'),(239,'500200','县','500000'),(240,'500300','市','500000'),(241,'510100','成都市','510000'),(242,'510300','自贡市','510000'),(243,'510400','攀枝花市','510000'),(244,'510500','泸州市','510000'),(245,'510600','德阳市','510000'),(246,'510700','绵阳市','510000'),(247,'510800','广元市','510000'),(248,'510900','遂宁市','510000'),(249,'511000','内江市','510000'),(250,'511100','乐山市','510000'),(251,'511300','南充市','510000'),(252,'511400','眉山市','510000'),(253,'511500','宜宾市','510000'),(254,'511600','广安市','510000'),(255,'511700','达州市','510000'),(256,'511800','雅安市','510000'),(257,'511900','巴中市','510000'),(258,'512000','资阳市','510000'),(259,'513200','阿坝藏族羌族自治州','510000'),(260,'513300','甘孜藏族自治州','510000'),(261,'513400','凉山彝族自治州','510000'),(262,'520100','贵阳市','520000'),(263,'520200','六盘水市','520000'),(264,'520300','遵义市','520000'),(265,'520400','安顺市','520000'),(266,'522200','铜仁地区','520000'),(267,'522300','黔西南布依族苗族自治州','520000'),(268,'522400','毕节地区','520000'),(269,'522600','黔东南苗族侗族自治州','520000'),(270,'522700','黔南布依族苗族自治州','520000'),(271,'530100','昆明市','530000'),(272,'530300','曲靖市','530000'),(273,'530400','玉溪市','530000'),(274,'530500','保山市','530000'),(275,'530600','昭通市','530000'),(276,'530700','丽江市','530000'),(277,'530800','思茅市','530000'),(278,'530900','临沧市','530000'),(279,'532300','楚雄彝族自治州','530000'),(280,'532500','红河哈尼族彝族自治州','530000'),(281,'532600','文山壮族苗族自治州','530000'),(282,'532800','西双版纳傣族自治州','530000'),(283,'532900','大理白族自治州','530000'),(284,'533100','德宏傣族景颇族自治州','530000'),(285,'533300','怒江傈僳族自治州','530000'),(286,'533400','迪庆藏族自治州','530000'),(287,'540100','拉萨市','540000'),(288,'542100','昌都地区','540000'),(289,'542200','山南地区','540000'),(290,'542300','日喀则地区','540000'),(291,'542400','那曲地区','540000'),(292,'542500','阿里地区','540000'),(293,'542600','林芝地区','540000'),(294,'610100','西安市','610000'),(295,'610200','铜川市','610000'),(296,'610300','宝鸡市','610000'),(297,'610400','咸阳市','610000'),(298,'610500','渭南市','610000'),(299,'610600','延安市','610000'),(300,'610700','汉中市','610000'),(301,'610800','榆林市','610000'),(302,'610900','安康市','610000'),(303,'611000','商洛市','610000'),(304,'620100','兰州市','620000'),(305,'620200','嘉峪关市','620000'),(306,'620300','金昌市','620000'),(307,'620400','白银市','620000'),(308,'620500','天水市','620000'),(309,'620600','武威市','620000'),(310,'620700','张掖市','620000'),(311,'620800','平凉市','620000'),(312,'620900','酒泉市','620000'),(313,'621000','庆阳市','620000'),(314,'621100','定西市','620000'),(315,'621200','陇南市','620000'),(316,'622900','临夏回族自治州','620000'),(317,'623000','甘南藏族自治州','620000'),(318,'630100','西宁市','630000'),(319,'632100','海东地区','630000'),(320,'632200','海北藏族自治州','630000'),(321,'632300','黄南藏族自治州','630000'),(322,'632500','海南藏族自治州','630000'),(323,'632600','果洛藏族自治州','630000'),(324,'632700','玉树藏族自治州','630000'),(325,'632800','海西蒙古族藏族自治州','630000'),(326,'640100','银川市','640000'),(327,'640200','石嘴山市','640000'),(328,'640300','吴忠市','640000'),(329,'640400','固原市','640000'),(330,'640500','中卫市','640000'),(331,'650100','乌鲁木齐市','650000'),(332,'650200','克拉玛依市','650000'),(333,'652100','吐鲁番地区','650000'),(334,'652200','哈密地区','650000'),(335,'652300','昌吉回族自治州','650000'),(336,'652700','博尔塔拉蒙古自治州','650000'),(337,'652800','巴音郭楞蒙古自治州','650000'),(338,'652900','阿克苏地区','650000'),(339,'653000','克孜勒苏柯尔克孜自治州','650000'),(340,'653100','喀什地区','650000'),(341,'653200','和田地区','650000'),(342,'654000','伊犁哈萨克自治州','650000'),(343,'654200','塔城地区','650000'),(344,'654300','阿勒泰地区','650000'),(345,'659000','省直辖行政单位','650000');
/*!40000 ALTER TABLE `city` ENABLE KEYS */;
UNLOCK TABLES;

--
-- Table structure for table `comm_data`
--

DROP TABLE IF EXISTS `comm_data`;
/*!40101 SET @saved_cs_client     = @@character_set_client */;
/*!40101 SET character_set_client = utf8 */;
CREATE TABLE `comm_data` (
  `cname_id` int(11) NOT NULL AUTO_INCREMENT COMMENT '评论数据id',
  `cname` varchar(20) DEFAULT '' COMMENT '评论人姓名',
  `openid` varchar(40) DEFAULT '' COMMENT 'openid',
  `aid` int(11) DEFAULT NULL COMMENT '评论文章id 这个字段在这里废弃',
  `add_time` int(11) DEFAULT NULL,
  `edit_time` int(11) DEFAULT NULL,
  `pub_id` int(11) DEFAULT NULL,
  `is_del` int(11) DEFAULT '1',
  PRIMARY KEY (`cname_id`)
) ENGINE=MyISAM AUTO_INCREMENT=7 DEFAULT CHARSET=utf8;
/*!40101 SET character_set_client = @saved_cs_client */;

--
-- Dumping data for table `comm_data`
--

LOCK TABLES `comm_data` WRITE;
/*!40000 ALTER TABLE `comm_data` DISABLE KEYS */;
INSERT INTO `comm_data` VALUES (1,'神剑','o_ow9uDpzXWD_e3SgxJvVp5NKY3U',NULL,1384965517,1384965517,2,1),(2,'小龙女','o_ow9uCu8YNmlTLTTV-K0gGnMBIg',NULL,1385804163,1385804163,2,1),(3,'北京代理','o_ow9uAhDO-0bS2gAbWLQ4ebWKOU',NULL,1386053741,1386053741,2,1),(4,'曹操','o3Od7uGt0x11MHmO0_hjc4BhiUgk',NULL,1392643845,1392643845,5,1),(5,'aa',NULL,NULL,1395318470,1395318470,2,1),(6,'放开那女孩','o_ow9uAhDO-0bS2gAbWLQ4ebWKOU',NULL,1398065513,1398065513,8,1);
/*!40000 ALTER TABLE `comm_data` ENABLE KEYS */;
UNLOCK TABLES;

--
-- Table structure for table `comment_info`
--

DROP TABLE IF EXISTS `comment_info`;
/*!40101 SET @saved_cs_client     = @@character_set_client */;
/*!40101 SET character_set_client = utf8 */;
CREATE TABLE `comment_info` (
  `cinfo_id` int(11) NOT NULL AUTO_INCREMENT,
  `cinfo` text COMMENT '评论内容',
  `cname_id` int(11) DEFAULT NULL COMMENT '评论数据的id',
  `aid` int(11) NOT NULL DEFAULT '0' COMMENT '文章id',
  `add_time` int(11) DEFAULT NULL,
  `edit_time` int(11) DEFAULT NULL,
  `pub_id` int(11) DEFAULT NULL,
  `is_del` int(11) DEFAULT '1',
  PRIMARY KEY (`cinfo_id`)
) ENGINE=MyISAM AUTO_INCREMENT=13 DEFAULT CHARSET=utf8;
/*!40101 SET character_set_client = @saved_cs_client */;

--
-- Dumping data for table `comment_info`
--

LOCK TABLES `comment_info` WRITE;
/*!40000 ALTER TABLE `comment_info` DISABLE KEYS */;
INSERT INTO `comment_info` VALUES (1,'积极耐心耐心',1,12,1384965517,1384965517,2,1),(2,'哈哈哈',1,12,1384965774,1384965774,2,1),(3,'我我我玩',1,12,1384965798,1384965798,2,0),(4,'就睡觉睡觉',1,12,1384966394,1384966394,2,0),(5,'呵呵',1,15,1385078584,1385078584,2,1),(6,'呵呵',1,12,1385424256,1385424256,2,1),(7,'真不错',2,12,1385804163,1385804163,2,1),(8,'我要入驻\r\n',3,15,1386053741,1386053741,2,1),(9,'是的呢',3,12,1386309286,1386309286,2,1),(10,'不错的公司',4,17,1392643845,1392643845,5,1),(11,'aaaaa',5,22,1395318470,1395318470,2,1),(12,'这个地方真不错',6,29,1398065513,1398065513,8,1);
/*!40000 ALTER TABLE `comment_info` ENABLE KEYS */;
UNLOCK TABLES;

--
-- Table structure for table `customers`
--

DROP TABLE IF EXISTS `customers`;
/*!40101 SET @saved_cs_client     = @@character_set_client */;
/*!40101 SET character_set_client = utf8 */;
CREATE TABLE `customers` (
  `id` mediumint(6) unsigned NOT NULL AUTO_INCREMENT,
  `agent_id` tinyint(10) DEFAULT '0',
  `account` varchar(30) NOT NULL DEFAULT '',
  `nickname` varchar(10) NOT NULL DEFAULT '',
  `pwd` varchar(50) NOT NULL DEFAULT '',
  `email` varchar(30) NOT NULL DEFAULT '',
  `addtime` varchar(70) DEFAULT '',
  `level` tinyint(2) unsigned DEFAULT '1' COMMENT '1代表企业用户级别的',
  `show` enum('0','1') DEFAULT '1',
  PRIMARY KEY (`id`)
) ENGINE=InnoDB AUTO_INCREMENT=24 DEFAULT CHARSET=utf8;
/*!40101 SET character_set_client = @saved_cs_client */;

--
-- Dumping data for table `customers`
--

LOCK TABLES `customers` WRITE;
/*!40000 ALTER TABLE `customers` DISABLE KEYS */;
INSERT INTO `customers` VALUES (18,0,'wtimes@qq.com','wtimes星斗科技','71914b27954d5182228d00511feeb688','wtimes@qq.com','2013-11-12 13:38:19',1,'1'),(21,15,'644452245@qq.com','唯诺文化传媒','e10adc3949ba59abbe56e057f20f883e','644452245@qq.com','2013-11-26 14:26:10',1,'1'),(22,0,'446811905@qq.com','三众传媒','e10adc3949ba59abbe56e057f20f883e','446811905@qq.com','2013-12-21 10:31:54',1,'1'),(23,0,'bjsunnybridge@126.com','悦游五洲','0a30f297e342a369b365ca09551b35ee','bjsunnybridge@126.com','2014-04-21 13:50:12',1,'1');
/*!40000 ALTER TABLE `customers` ENABLE KEYS */;
UNLOCK TABLES;

--
-- Table structure for table `floor_des`
--

DROP TABLE IF EXISTS `floor_des`;
/*!40101 SET @saved_cs_client     = @@character_set_client */;
/*!40101 SET character_set_client = utf8 */;
CREATE TABLE `floor_des` (
  `id` tinyint(3) NOT NULL AUTO_INCREMENT,
  `pub_id` smallint(8) DEFAULT NULL,
  `title` varchar(30) DEFAULT '',
  `floor_img` varchar(50) DEFAULT '' COMMENT '楼盘头部图片',
  `floor_des` text,
  `project_des` text COMMENT '项目简介',
  `traffic` text COMMENT '交通配套',
  `add_time` varchar(15) DEFAULT '',
  PRIMARY KEY (`id`)
) ENGINE=InnoDB AUTO_INCREMENT=4 DEFAULT CHARSET=utf8;
/*!40101 SET character_set_client = @saved_cs_client */;

--
-- Dumping data for table `floor_des`
--

LOCK TABLES `floor_des` WRITE;
/*!40000 ALTER TABLE `floor_des` DISABLE KEYS */;
INSERT INTO `floor_des` VALUES (3,7,'花果园','Uploads/Estate/7/s_5308dbdb2ecec.jpg','花果园，楼盘名称，是贵阳目前规模最大的城中村改造工程，改造建成后将成为贵阳主城占地面积6000亩，总建筑面积560万方的罕见大盘。3分钟直达喷水池、大十字，2分钟直达甲秀路；16万㎡花果园湿地公园、4560亩生态山体公园、27万㎡城市中心广场。','<p>\r\n	所在区域：<a target=\"_blank\" href=\"http://baike.baidu.com/view/897130.htm\">南明区<br />\r\n</a>房屋属性：<a target=\"_blank\" href=\"http://baike.baidu.com/view/30881.htm\">商品房<br />\r\n</a>建筑结构：<a target=\"_blank\" href=\"http://baike.baidu.com/view/1295663.htm\">框架剪力墙<br />\r\n</a>物业类别：住宅、写字楼、商铺<br />\r\n主力户型：112.9㎡<br />\r\n装修状况：毛坯<br />\r\n建筑类别：高层、超高层<br />\r\n总 户 数：40000<br />\r\n开盘日期：2010-11-27<br />\r\n交房日期：2012-12-30<br />\r\n物业公司：贵阳山水黔城物业管理有限公司<br />\r\n物 业 费：1.50元/㎡<br />\r\n<br />\r\n项目地址：贵阳市南明区彭家湾<br />\r\n占地面积：4000000平米<br />\r\n绿 化 率：58%<br />\r\n建筑面积：5600000平米（总）<br />\r\n容 积 率：6.4<br />\r\n开 发 商：宏立城集团<br />\r\n预售许可证：2010筑商房预售准字第165号 ·（2010）筑商房预售准字第（158）号 ·（2010）筑商房预售准字第（153）号 ·2010140\r\n</p>\r\n<div class=\"para\" style=\"color:#333333;font-family:arial, 宋体, sans-serif;font-size:14px;background-color:#FFFFFF;\">\r\n	<div class=\"album-view layoutright log-set-param\" style=\"text-align:center;margin:10px 0px;\">\r\n		<div class=\"albumBg\" style=\"margin:0px auto;\">\r\n			<div class=\"albumBgFir\" style=\"margin:0px auto;\">\r\n			</div>\r\n			<div class=\"albumBgSec\" style=\"margin:0px auto;\">\r\n			</div>\r\n		</div>\r\n	</div>\r\n</div>','<p>\r\n	学校：<a target=\"_blank\" href=\"http://baike.baidu.com/view/1454975.htm\">贵州大学艺术学院<br />\r\n</a>商业：花果园商圈<br />\r\n银行：建行、工行、农行、邮政银行、<a target=\"_blank\" href=\"http://baike.baidu.com/view/30429.htm\">农村信用社<br />\r\n</a>医院：工人医院、建筑医院、贵医二附院<br />\r\n休闲：拥有16万㎡湿地生态公园，相当于2.7倍人民广场大小；4560亩生态山体公园……花果园用湿地生态公园、山体公园<br />\r\n其他：贵州首家五星级疗养院，308米IMAX3D巨幕影院、艺术中心……打造贵阳文化目的地。\r\n</p>','1393089499');
/*!40000 ALTER TABLE `floor_des` ENABLE KEYS */;
UNLOCK TABLES;

--
-- Table structure for table `floor_layout`
--

DROP TABLE IF EXISTS `floor_layout`;
/*!40101 SET @saved_cs_client     = @@character_set_client */;
/*!40101 SET character_set_client = utf8 */;
CREATE TABLE `floor_layout` (
  `id` tinyint(4) NOT NULL AUTO_INCREMENT,
  `pub_id` smallint(6) DEFAULT '0',
  `floor_name` varchar(30) DEFAULT '' COMMENT '户型名称',
  `roof_beam` varchar(60) DEFAULT '',
  `floor_num` varchar(30) DEFAULT '' COMMENT '楼层',
  `floor_area` varchar(30) DEFAULT '' COMMENT ' 建筑面积',
  `floor_layout` tinyint(2) DEFAULT NULL COMMENT '型户',
  `order` tinyint(3) DEFAULT '50',
  `floor_des` text COMMENT '户型介绍',
  PRIMARY KEY (`id`)
) ENGINE=InnoDB AUTO_INCREMENT=12 DEFAULT CHARSET=utf8;
/*!40101 SET character_set_client = @saved_cs_client */;

--
-- Dumping data for table `floor_layout`
--

LOCK TABLES `floor_layout` WRITE;
/*!40000 ALTER TABLE `floor_layout` DISABLE KEYS */;
INSERT INTO `floor_layout` VALUES (3,7,'C户型','5、6、7栋','1-2','112',53,50,'宽敞明亮型设计，整体采用古罗马风格，充分利用西欧神话元素和宫廷的华贵元素宽敞明亮型设计，整体采用古罗马风格，充分利用西欧神话元素和宫廷的华贵元素宽敞明亮型设计，整体采用古罗马风格，充分利用西欧神话元素和宫廷的华贵元素宽敞明亮型设计，整体采用古罗马风格，充分利用西欧神话元素和宫廷的华贵元素'),(4,7,'A户型','1、2栋','3-5','112',43,50,'大气洋房大气洋房大气洋房大气洋房大气洋房大气洋房大气洋房大气洋房大气洋房大气洋房大气洋房大气洋房大气洋房大气洋房大气洋房大气洋房'),(11,7,'B户型','3、4栋','20-25','210',53,2,'西欧古典贵族皇室风格西欧古典贵族皇室风格西欧古典贵族皇室风格西欧古典贵族皇室风格西欧古典贵族皇室风格');
/*!40000 ALTER TABLE `floor_layout` ENABLE KEYS */;
UNLOCK TABLES;

--
-- Table structure for table `floor_layout_imgs`
--

DROP TABLE IF EXISTS `floor_layout_imgs`;
/*!40101 SET @saved_cs_client     = @@character_set_client */;
/*!40101 SET character_set_client = utf8 */;
CREATE TABLE `floor_layout_imgs` (
  `id` smallint(8) NOT NULL AUTO_INCREMENT,
  `layout_id` tinyint(4) DEFAULT NULL,
  `img` varchar(50) DEFAULT '',
  `info` varchar(45) DEFAULT '' COMMENT '图片说明',
  PRIMARY KEY (`id`)
) ENGINE=InnoDB AUTO_INCREMENT=26 DEFAULT CHARSET=utf8;
/*!40101 SET character_set_client = @saved_cs_client */;

--
-- Dumping data for table `floor_layout_imgs`
--

LOCK TABLES `floor_layout_imgs` WRITE;
/*!40000 ALTER TABLE `floor_layout_imgs` DISABLE KEYS */;
INSERT INTO `floor_layout_imgs` VALUES (8,11,'Uploads/Estate/7/530b4aab77f78.jpg','吧台'),(9,11,'Uploads/Estate/7/530b4aac03c67.jpg','卫生间'),(10,11,'Uploads/Estate/7/530b4aac7eb9e.jpg','仓库'),(11,11,'Uploads/Estate/7/530b4aacedc5d.jpg','门口'),(12,3,'Uploads/Estate/7/530c3f3b0ed1c.jpg','休息室'),(13,3,'Uploads/Estate/7/530c3f3b8a1e7.jpg','书房'),(15,3,'Uploads/Estate/7/530b43fc54c92.jpg','厕所'),(21,3,'Uploads/Estate/7/530b838b3f719.jpg','阳台'),(22,4,'Uploads/Estate/7/530b840535f62.jpg',''),(23,4,'Uploads/Estate/7/530b840571606.jpg',''),(24,4,'Uploads/Estate/7/530b8405b0a79.jpg',''),(25,4,'Uploads/Estate/7/530b8405eb044.jpg','');
/*!40000 ALTER TABLE `floor_layout_imgs` ENABLE KEYS */;
UNLOCK TABLES;

--
-- Table structure for table `food_ticket`
--

DROP TABLE IF EXISTS `food_ticket`;
/*!40101 SET @saved_cs_client     = @@character_set_client */;
/*!40101 SET character_set_client = utf8 */;
CREATE TABLE `food_ticket` (
  `id` smallint(4) NOT NULL AUTO_INCREMENT,
  `pub_id` int(5) DEFAULT '0',
  `startTime1` varchar(20) DEFAULT '',
  `endTime1` varchar(20) DEFAULT '',
  `pic1` varchar(100) DEFAULT '',
  `des1` varchar(100) DEFAULT '',
  `num1` tinyint(3) DEFAULT '0',
  `is_on1` tinyint(1) DEFAULT '0' COMMENT '0代表不开启1开启',
  `people1` tinyint(3) DEFAULT '0',
  `startTime2` varchar(20) DEFAULT '',
  `endTime2` varchar(20) DEFAULT '',
  `pic2` varchar(100) DEFAULT '',
  `des2` varchar(100) DEFAULT '',
  `num2` tinyint(3) DEFAULT '0',
  `is_on2` tinyint(1) DEFAULT '0',
  `people2` tinyint(3) DEFAULT '0',
  `startTime3` varchar(20) DEFAULT '',
  `endTime3` varchar(20) DEFAULT '',
  `pic3` varchar(100) DEFAULT '',
  `des3` varchar(100) DEFAULT '',
  `num3` tinyint(3) DEFAULT '0',
  `is_on3` tinyint(1) DEFAULT '0',
  `people3` tinyint(3) DEFAULT '0',
  PRIMARY KEY (`id`)
) ENGINE=InnoDB AUTO_INCREMENT=2 DEFAULT CHARSET=utf8;
/*!40101 SET character_set_client = @saved_cs_client */;

--
-- Dumping data for table `food_ticket`
--

LOCK TABLES `food_ticket` WRITE;
/*!40000 ALTER TABLE `food_ticket` DISABLE KEYS */;
INSERT INTO `food_ticket` VALUES (1,4,'2013-12-10 06:14:23','2013-12-10 08:08:42','Uploads/Food/4/s_52a6cc228788b.jpg','早餐大优惠',5,1,0,'2013-12-10 12:15:34','2013-12-10 14:15:37','Uploads/Food/4/s_52a6cde94ea6b.jpg','中餐大酬宾',10,1,0,'2013-12-11 18:16:09','2013-12-15 23:09:50','Uploads/Food/4/s_52a6cde96101b.jpg','晚餐大甩价',20,1,6);
/*!40000 ALTER TABLE `food_ticket` ENABLE KEYS */;
UNLOCK TABLES;

--
-- Table structure for table `goods_address`
--

DROP TABLE IF EXISTS `goods_address`;
/*!40101 SET @saved_cs_client     = @@character_set_client */;
/*!40101 SET character_set_client = utf8 */;
CREATE TABLE `goods_address` (
  `id` tinyint(6) NOT NULL AUTO_INCREMENT,
  `member_id` tinyint(6) DEFAULT NULL,
  `address` varchar(100) DEFAULT '',
  PRIMARY KEY (`id`)
) ENGINE=InnoDB DEFAULT CHARSET=utf8;
/*!40101 SET character_set_client = @saved_cs_client */;

--
-- Dumping data for table `goods_address`
--

LOCK TABLES `goods_address` WRITE;
/*!40000 ALTER TABLE `goods_address` DISABLE KEYS */;
/*!40000 ALTER TABLE `goods_address` ENABLE KEYS */;
UNLOCK TABLES;

--
-- Table structure for table `goods_attr`
--

DROP TABLE IF EXISTS `goods_attr`;
/*!40101 SET @saved_cs_client     = @@character_set_client */;
/*!40101 SET character_set_client = utf8 */;
CREATE TABLE `goods_attr` (
  `id` tinyint(5) NOT NULL AUTO_INCREMENT,
  `pub_id` tinyint(5) DEFAULT NULL,
  `attr_name` varchar(30) DEFAULT '',
  `category_id` tinyint(5) DEFAULT NULL,
  `flag` tinyint(1) DEFAULT '0' COMMENT '0为手工录入1为选项值',
  PRIMARY KEY (`id`)
) ENGINE=InnoDB AUTO_INCREMENT=27 DEFAULT CHARSET=utf8;
/*!40101 SET character_set_client = @saved_cs_client */;

--
-- Dumping data for table `goods_attr`
--

LOCK TABLES `goods_attr` WRITE;
/*!40000 ALTER TABLE `goods_attr` DISABLE KEYS */;
INSERT INTO `goods_attr` VALUES (10,2,'尺码',2,0),(11,2,'颜色',2,0),(12,2,'功耗',3,0),(13,2,'电压',3,0),(14,2,'重量',3,0),(15,2,'配件',4,0),(16,2,'CPU',4,0),(17,2,'系统',4,0),(18,2,'衣型',2,1),(19,2,'款式',2,1),(20,2,'出版社',5,0),(21,2,'类型',5,0),(22,2,'地域',5,0),(23,2,'风格',2,1),(24,2,'机面',6,1),(25,2,'鞋型',7,1),(26,2,'材质',7,1);
/*!40000 ALTER TABLE `goods_attr` ENABLE KEYS */;
UNLOCK TABLES;

--
-- Table structure for table `goods_attr_val`
--

DROP TABLE IF EXISTS `goods_attr_val`;
/*!40101 SET @saved_cs_client     = @@character_set_client */;
/*!40101 SET character_set_client = utf8 */;
CREATE TABLE `goods_attr_val` (
  `id` mediumint(10) NOT NULL AUTO_INCREMENT,
  `attr_val` varchar(100) DEFAULT '',
  `attr_id` tinyint(5) DEFAULT NULL,
  PRIMARY KEY (`id`)
) ENGINE=InnoDB AUTO_INCREMENT=18 DEFAULT CHARSET=utf8;
/*!40101 SET character_set_client = @saved_cs_client */;

--
-- Dumping data for table `goods_attr_val`
--

LOCK TABLES `goods_attr_val` WRITE;
/*!40000 ALTER TABLE `goods_attr_val` DISABLE KEYS */;
INSERT INTO `goods_attr_val` VALUES (1,'长袖',18),(2,'短袖',18),(3,'7分袖',18),(4,'男款',19),(5,'女款',19),(6,'情侣款',19),(7,'学院风',23),(8,'清纯风',23),(9,'性感',23),(10,'触屏',24),(11,'按键',24),(12,'长筒靴',25),(13,'布鞋',25),(14,'高跟鞋',25),(15,'PU',26),(16,'翻毛',26),(17,'帆布',26);
/*!40000 ALTER TABLE `goods_attr_val` ENABLE KEYS */;
UNLOCK TABLES;

--
-- Table structure for table `goods_attr_val_choose`
--

DROP TABLE IF EXISTS `goods_attr_val_choose`;
/*!40101 SET @saved_cs_client     = @@character_set_client */;
/*!40101 SET character_set_client = utf8 */;
CREATE TABLE `goods_attr_val_choose` (
  `goods_id` int(20) DEFAULT '0',
  `attr_val_id` mediumint(10) DEFAULT '0',
  `flag` tinyint(1) unsigned NOT NULL DEFAULT '0' COMMENT '1录入2筛选',
  `value` varchar(50) NOT NULL
) ENGINE=InnoDB DEFAULT CHARSET=utf8;
/*!40101 SET character_set_client = @saved_cs_client */;

--
-- Dumping data for table `goods_attr_val_choose`
--

LOCK TABLES `goods_attr_val_choose` WRITE;
/*!40000 ALTER TABLE `goods_attr_val_choose` DISABLE KEYS */;
INSERT INTO `goods_attr_val_choose` VALUES (6,20,1,'北京出版社'),(6,21,1,'言情'),(6,22,1,'北京'),(9,10,1,'中号'),(9,11,1,'粉色'),(9,1,2,''),(9,2,2,''),(9,3,2,''),(9,6,2,''),(9,7,2,''),(8,10,1,''),(8,11,1,''),(5,10,1,'均码'),(5,11,1,'灰色'),(5,2,2,''),(5,5,2,''),(5,7,2,''),(5,8,2,'');
/*!40000 ALTER TABLE `goods_attr_val_choose` ENABLE KEYS */;
UNLOCK TABLES;

--
-- Table structure for table `goods_brand`
--

DROP TABLE IF EXISTS `goods_brand`;
/*!40101 SET @saved_cs_client     = @@character_set_client */;
/*!40101 SET character_set_client = utf8 */;
CREATE TABLE `goods_brand` (
  `id` tinyint(5) NOT NULL AUTO_INCREMENT,
  `pub_id` tinyint(5) DEFAULT NULL,
  `brand_name` varchar(50) DEFAULT '',
  `logo` varchar(100) DEFAULT '',
  PRIMARY KEY (`id`)
) ENGINE=InnoDB AUTO_INCREMENT=8 DEFAULT CHARSET=utf8;
/*!40101 SET character_set_client = @saved_cs_client */;

--
-- Dumping data for table `goods_brand`
--

LOCK TABLES `goods_brand` WRITE;
/*!40000 ALTER TABLE `goods_brand` DISABLE KEYS */;
INSERT INTO `goods_brand` VALUES (4,2,'GUCCI','Uploads/Shop/2/52ce9279e3113.jpg'),(5,2,'LV','Uploads/Shop/2/52ce8d91e965e.jpg'),(6,2,'阿玛尼','Uploads/Shop/2/52ce8d9ccab35.jpg'),(7,2,'superme','Uploads/Shop/2/52cf6ae06a2e0.jpg');
/*!40000 ALTER TABLE `goods_brand` ENABLE KEYS */;
UNLOCK TABLES;

--
-- Table structure for table `goods_category`
--

DROP TABLE IF EXISTS `goods_category`;
/*!40101 SET @saved_cs_client     = @@character_set_client */;
/*!40101 SET character_set_client = utf8 */;
CREATE TABLE `goods_category` (
  `id` tinyint(4) NOT NULL AUTO_INCREMENT,
  `pub_id` tinyint(5) DEFAULT NULL,
  `category` varchar(30) DEFAULT '',
  `order` tinyint(5) DEFAULT '50',
  `addtime` varchar(20) DEFAULT '',
  PRIMARY KEY (`id`)
) ENGINE=InnoDB AUTO_INCREMENT=9 DEFAULT CHARSET=utf8;
/*!40101 SET character_set_client = @saved_cs_client */;

--
-- Dumping data for table `goods_category`
--

LOCK TABLES `goods_category` WRITE;
/*!40000 ALTER TABLE `goods_category` DISABLE KEYS */;
INSERT INTO `goods_category` VALUES (2,2,'服饰',50,'2014-01-07'),(3,2,'家电',50,'2014-01-07'),(4,2,'数码',50,'2014-01-08'),(5,2,'书籍',50,'2014-01-08'),(6,2,'手机',50,'2014-01-08'),(7,2,'鞋子',50,'2014-01-09'),(8,7,'楼房',50,'2014-02-22');
/*!40000 ALTER TABLE `goods_category` ENABLE KEYS */;
UNLOCK TABLES;

--
-- Table structure for table `goods_fintal`
--

DROP TABLE IF EXISTS `goods_fintal`;
/*!40101 SET @saved_cs_client     = @@character_set_client */;
/*!40101 SET character_set_client = utf8 */;
CREATE TABLE `goods_fintal` (
  `open_id` mediumint(8) DEFAULT NULL,
  `orders_id` mediumint(9) DEFAULT NULL,
  `pub_id` mediumint(8) DEFAULT NULL,
  `goods_id` int(10) DEFAULT NULL,
  `num` tinyint(3) DEFAULT NULL,
  `attrs` varchar(30) DEFAULT '' COMMENT '属性比值:1002:2345',
  `total_price` decimal(10,2) DEFAULT NULL
) ENGINE=InnoDB DEFAULT CHARSET=utf8;
/*!40101 SET character_set_client = @saved_cs_client */;

--
-- Dumping data for table `goods_fintal`
--

LOCK TABLES `goods_fintal` WRITE;
/*!40000 ALTER TABLE `goods_fintal` DISABLE KEYS */;
/*!40000 ALTER TABLE `goods_fintal` ENABLE KEYS */;
UNLOCK TABLES;

--
-- Table structure for table `goods_gindex_slide`
--

DROP TABLE IF EXISTS `goods_gindex_slide`;
/*!40101 SET @saved_cs_client     = @@character_set_client */;
/*!40101 SET character_set_client = utf8 */;
CREATE TABLE `goods_gindex_slide` (
  `id` int(11) NOT NULL AUTO_INCREMENT,
  `name` varchar(20) DEFAULT '' COMMENT '幻灯片名称',
  `pic` varchar(100) DEFAULT '' COMMENT '图片',
  `sort` tinyint(6) DEFAULT '0' COMMENT '排序',
  `url` varchar(100) DEFAULT '' COMMENT '链接地址',
  `flag` tinyint(4) DEFAULT '1' COMMENT '1首页幻灯片2内页幻灯片',
  `add_time` int(11) DEFAULT NULL,
  `edit_time` int(11) DEFAULT NULL,
  `pub_id` int(11) DEFAULT '0' COMMENT '企业id',
  PRIMARY KEY (`id`)
) ENGINE=MyISAM AUTO_INCREMENT=23 DEFAULT CHARSET=utf8;
/*!40101 SET character_set_client = @saved_cs_client */;

--
-- Dumping data for table `goods_gindex_slide`
--

LOCK TABLES `goods_gindex_slide` WRITE;
/*!40000 ALTER TABLE `goods_gindex_slide` DISABLE KEYS */;
INSERT INTO `goods_gindex_slide` VALUES (14,'图片1','Uploads/Shop/2/s_52d01e85b809f.jpg',1,'',1,1389263524,1389371124,2),(15,'图片2','Uploads/Shop/2/s_52d01ec544d1d.jpg',2,'',1,1389263563,1389371114,2),(16,'内页图片1','Uploads/Shop/2/s_52cf599ec29bb.png',1,'http://www.baidu.com',2,1389263593,1389371427,2),(17,'内页图片2','Uploads/Shop/2/s_52cf59b76e056.png',2,'http://www.baidu.com',2,1389263636,1389371413,2),(18,'ef','Uploads/Shop/2/s_52cf599238de2.png',0,'http://www.baidu.com',2,1389320367,1389371420,2),(19,'12','Uploads/Shop/2/s_52d01df5c7948.jpg',0,'',1,1389366575,1389370869,2),(21,'1','Uploads/Shop/5/s_5330e97c06d84.jpg',0,'',1,1395713752,1395714428,5),(22,'2','Uploads/Shop/5/s_5330e98c187ac.jpg',0,'',1,1395713767,1395714444,5);
/*!40000 ALTER TABLE `goods_gindex_slide` ENABLE KEYS */;
UNLOCK TABLES;

--
-- Table structure for table `goods_gindex_tpl`
--

DROP TABLE IF EXISTS `goods_gindex_tpl`;
/*!40101 SET @saved_cs_client     = @@character_set_client */;
/*!40101 SET character_set_client = utf8 */;
CREATE TABLE `goods_gindex_tpl` (
  `spid` int(11) NOT NULL AUTO_INCREMENT,
  `sname` varchar(20) DEFAULT '' COMMENT '模板名称',
  `spath` varchar(100) DEFAULT '' COMMENT '模板图片路径',
  `pub_id` int(11) DEFAULT '0' COMMENT '企业id，单独定制的时候可用',
  PRIMARY KEY (`spid`)
) ENGINE=MyISAM AUTO_INCREMENT=3 DEFAULT CHARSET=utf8;
/*!40101 SET character_set_client = @saved_cs_client */;

--
-- Dumping data for table `goods_gindex_tpl`
--

LOCK TABLES `goods_gindex_tpl` WRITE;
/*!40000 ALTER TABLE `goods_gindex_tpl` DISABLE KEYS */;
INSERT INTO `goods_gindex_tpl` VALUES (1,'stp1','/Public/image/shop/stpl_1.png',NULL),(2,'stp2','/Public/image/shop/stpl_2.png',NULL);
/*!40000 ALTER TABLE `goods_gindex_tpl` ENABLE KEYS */;
UNLOCK TABLES;

--
-- Table structure for table `goods_goods`
--

DROP TABLE IF EXISTS `goods_goods`;
/*!40101 SET @saved_cs_client     = @@character_set_client */;
/*!40101 SET character_set_client = utf8 */;
CREATE TABLE `goods_goods` (
  `id` int(10) NOT NULL AUTO_INCREMENT,
  `goods_num` varchar(50) DEFAULT '',
  `pub_id` mediumint(8) DEFAULT NULL,
  `type_id` tinyint(5) DEFAULT NULL,
  `category_id` tinyint(4) DEFAULT '0',
  `brand_id` tinyint(4) DEFAULT NULL,
  `name` varchar(50) DEFAULT '',
  `price` decimal(10,2) DEFAULT NULL,
  `weight` float(10,2) DEFAULT '0.00',
  `register_price` tinyint(1) DEFAULT '10' COMMENT '注册会员折扣率数字1-9',
  `vip_price` tinyint(1) DEFAULT '10' COMMENT 'vip会员折扣率数字1-9',
  `discount_price` decimal(10,2) DEFAULT '0.00' COMMENT '优惠价',
  `img1` varchar(100) DEFAULT '',
  `img2` varchar(100) DEFAULT '',
  `img3` varchar(100) DEFAULT '',
  `img4` varchar(100) DEFAULT '',
  `img5` varchar(100) DEFAULT '',
  `des` varchar(200) DEFAULT '',
  `content` text COMMENT '商品详情',
  `is_new` tinyint(1) DEFAULT '0' COMMENT '是否新品',
  `is_hot` tinyint(1) DEFAULT '0',
  `is_promotion` tinyint(1) DEFAULT '0' COMMENT '否是促销',
  `is_recommend` tinyint(1) DEFAULT '0',
  `is_added` tinyint(1) DEFAULT '0',
  `num` tinyint(4) DEFAULT '50',
  `promotion_start` varchar(20) DEFAULT '',
  `promotion_end` varchar(30) DEFAULT '',
  `integral` tinyint(2) DEFAULT '0' COMMENT '赠送积分',
  `addtime` varchar(20) DEFAULT '',
  PRIMARY KEY (`id`)
) ENGINE=InnoDB AUTO_INCREMENT=10 DEFAULT CHARSET=utf8;
/*!40101 SET character_set_client = @saved_cs_client */;

--
-- Dumping data for table `goods_goods`
--

LOCK TABLES `goods_goods` WRITE;
/*!40000 ALTER TABLE `goods_goods` DISABLE KEYS */;
INSERT INTO `goods_goods` VALUES (5,'goods_52ce7a064e952',2,7,2,4,'格子衬衫','20.00',5.00,10,10,'100.00','Uploads/Shop/2/52d00b32e496c.jpg','Uploads/Shop/2/52cfd4ba83ea7.jpg','Uploads/Shop/2/52cfd4ba90e98.jpg','','','这是一个A货牛货','这是一个A货这是一个A货这是一个A货这是一个A货这是一个A货这是一个A货这是一个A货这是一个A货这是一个A货这是一个A货这是一个A货这是一个A货这是一个A货',1,0,0,1,1,127,NULL,NULL,2,'2014-03-23'),(6,'goods_52cfd0b81be68',2,4,5,5,'邓佳佳新书','50.25',0.00,5,2,'50.25','Uploads/Shop/2/52ce473faf69a.jpg','','','','','这是我的新书','这是我的新书这是我的新书这是我的新书这是我的新书这是我的新书这是我的新书这是我的新书这是我的新书这是我的新书这是我的新书这是我的新书这是我的新书这是我的新书这是我的新书',1,1,0,0,1,50,NULL,NULL,1,'2014-01-31'),(7,'goods_52cfd0d132aaa',2,5,7,6,'亚历山大王尖头鞋','500.00',0.00,0,5,'400.00','Uploads/Shop/2/52ce481ae21a8.jpg','','','','','这可是A货','这可是A货这可是A货这可是A货这可是A货这可是A货这可是A货这可是A货这可是A货这可是A货这可是A货这可是A货这可是A货',1,1,0,1,1,10,NULL,NULL,1,'2014-01-10'),(8,'goods_52ce5633e02b3',2,7,2,5,'裙子','56.00',10.00,1,2,'10.00','Uploads/Shop/2/52cfd6bbb7617.jpg','','','','','这可是雪纺裙','这可是雪纺裙这可是雪纺裙这可是雪纺裙这可是雪纺裙这可是雪纺裙这可是雪纺裙这可是雪纺裙这可是雪纺裙这可是雪纺裙这可是雪纺裙这可是雪纺裙这可是雪纺裙这可是雪纺裙这可是雪纺裙这可是雪纺裙这可是雪纺裙这可是雪纺裙这可是雪纺裙这可是雪纺裙这可是雪纺裙这可是雪纺裙这可是雪纺裙这可是雪纺裙这可是雪纺裙这可是雪纺裙这可是雪纺裙这可是雪纺裙这可是雪纺裙',1,0,1,1,1,56,'2014-01-09 15:56:07','2014-01-10 15:56:08',2,'2014-03-21'),(9,'goods_52cff00385023',2,7,2,6,'小礼服','123.00',12.00,1,1,'123.00','Uploads/Shop/2/52d00abab078f.jpg','','','','','正品小礼服','正品小礼服正品小礼服正品小礼服正品小礼服正品小礼服正品小礼服正品小礼服正品小礼服正品小礼服正品小礼服正品小礼服正品小礼服正品小礼服正品小礼服正品小礼服',1,0,0,1,1,23,NULL,NULL,1,'2014-02-01');
/*!40000 ALTER TABLE `goods_goods` ENABLE KEYS */;
UNLOCK TABLES;

--
-- Table structure for table `goods_member`
--

DROP TABLE IF EXISTS `goods_member`;
/*!40101 SET @saved_cs_client     = @@character_set_client */;
/*!40101 SET character_set_client = utf8 */;
CREATE TABLE `goods_member` (
  `id` tinyint(7) NOT NULL AUTO_INCREMENT,
  `pub_id` tinyint(5) DEFAULT NULL,
  `open_id` varchar(50) DEFAULT '',
  `nickname` varchar(50) DEFAULT '' COMMENT '昵称',
  `truename` varchar(30) DEFAULT '',
  `kpic` varchar(180) DEFAULT '',
  `tel` varchar(15) DEFAULT '' COMMENT '电话',
  `sex` enum('1','0') DEFAULT NULL COMMENT '1女生0男生',
  `email` varchar(20) DEFAULT '',
  `intgeral` mediumint(6) DEFAULT NULL COMMENT '积分',
  `lev` tinyint(1) DEFAULT '1' COMMENT '1为注册会员2为vip会员',
  `add_time` int(11) DEFAULT '0',
  `is_del` int(11) unsigned DEFAULT '0' COMMENT '0是不删除1是删除',
  `address` varchar(100) DEFAULT '',
  `province` varchar(20) DEFAULT '',
  `city` varchar(20) DEFAULT '',
  `area` varchar(20) DEFAULT '',
  PRIMARY KEY (`id`)
) ENGINE=MyISAM AUTO_INCREMENT=11 DEFAULT CHARSET=utf8;
/*!40101 SET character_set_client = @saved_cs_client */;

--
-- Dumping data for table `goods_member`
--

LOCK TABLES `goods_member` WRITE;
/*!40000 ALTER TABLE `goods_member` DISABLE KEYS */;
INSERT INTO `goods_member` VALUES (1,2,'o_ow9uAhDO-0bS2gAbWLQ4ebWKOU','帅哥','曹操',NULL,'13434567889','0','djj@qq.com',NULL,1,1389366271,0,'安徽省芜湖市镜湖区皇冠小区8栋4单元1003','北京市','市辖区','昌平区'),(9,2,'o9ibujmUC2hex9CaxdOBJyCag_i8','放开那女孩','',NULL,'18612258196','0','474654054@qq.com',NULL,1,1395582041,0,'魏窑村6号','北京市','市辖区','昌平区'),(10,5,'o_ow9uAhDO-0bS2gAbWLQ4ebWKOU','熊伟','','Uploads/Shop/5/s_53310390d3b14.jpg','18612258196','0','474654054@qq.com',NULL,1,1395670040,0,'韦窑村99号','北京市','市辖区','昌平区');
/*!40000 ALTER TABLE `goods_member` ENABLE KEYS */;
UNLOCK TABLES;

--
-- Table structure for table `goods_member_integ`
--

DROP TABLE IF EXISTS `goods_member_integ`;
/*!40101 SET @saved_cs_client     = @@character_set_client */;
/*!40101 SET character_set_client = utf8 */;
CREATE TABLE `goods_member_integ` (
  `id` tinyint(7) NOT NULL AUTO_INCREMENT,
  `integ` int(7) DEFAULT '1000' COMMENT '积分总数，默认为1000',
  `add_time` int(11) DEFAULT '0',
  `pub_id` tinyint(7) DEFAULT '0',
  PRIMARY KEY (`id`)
) ENGINE=MyISAM AUTO_INCREMENT=6 DEFAULT CHARSET=utf8;
/*!40101 SET character_set_client = @saved_cs_client */;

--
-- Dumping data for table `goods_member_integ`
--

LOCK TABLES `goods_member_integ` WRITE;
/*!40000 ALTER TABLE `goods_member_integ` DISABLE KEYS */;
INSERT INTO `goods_member_integ` VALUES (5,1000,1389246036,2);
/*!40000 ALTER TABLE `goods_member_integ` ENABLE KEYS */;
UNLOCK TABLES;

--
-- Table structure for table `goods_orders`
--

DROP TABLE IF EXISTS `goods_orders`;
/*!40101 SET @saved_cs_client     = @@character_set_client */;
/*!40101 SET character_set_client = utf8 */;
CREATE TABLE `goods_orders` (
  `id` mediumint(9) NOT NULL AUTO_INCREMENT,
  `orders_num` varchar(30) DEFAULT '',
  `pub_id` mediumint(9) DEFAULT NULL,
  `open_id` varchar(30) DEFAULT '',
  `pay_method` tinyint(1) DEFAULT '0' COMMENT '0货到付款1支付宝',
  `delivery_method` tinyint(2) DEFAULT '1' COMMENT '配送方式1顺丰2申通3圆通4中通',
  `addtime` varchar(20) DEFAULT '' COMMENT '下单时间',
  `sendtime` varchar(20) DEFAULT '',
  `paytime` varchar(20) DEFAULT '',
  `status` tinyint(1) DEFAULT '0' COMMENT '0未确认1确认',
  `is_pay` tinyint(1) DEFAULT '0' COMMENT '0未付款1已付款',
  `is_send` tinyint(1) DEFAULT '0' COMMENT '0没发货1发货',
  `remark` varchar(50) DEFAULT '' COMMENT '备注',
  PRIMARY KEY (`id`)
) ENGINE=InnoDB AUTO_INCREMENT=34 DEFAULT CHARSET=utf8;
/*!40101 SET character_set_client = @saved_cs_client */;

--
-- Dumping data for table `goods_orders`
--

LOCK TABLES `goods_orders` WRITE;
/*!40000 ALTER TABLE `goods_orders` DISABLE KEYS */;
INSERT INTO `goods_orders` VALUES (22,'orders_532e97b48eb07',2,'o_ow9uAhDO-0bS2gAbWLQ4ebWKOU',0,NULL,'2014-03-23 16:13:40','','',1,0,1,''),(23,'orders_532e9953d4607',2,'o_ow9uAhDO-0bS2gAbWLQ4ebWKOU',0,NULL,'2014-03-23 16:20:35','','',1,0,0,'');
/*!40000 ALTER TABLE `goods_orders` ENABLE KEYS */;
UNLOCK TABLES;

--
-- Table structure for table `goods_orders_info`
--

DROP TABLE IF EXISTS `goods_orders_info`;
/*!40101 SET @saved_cs_client     = @@character_set_client */;
/*!40101 SET character_set_client = utf8 */;
CREATE TABLE `goods_orders_info` (
  `orders_id` int(10) DEFAULT NULL,
  `goods_id` int(10) DEFAULT NULL,
  `img` varchar(100) DEFAULT '',
  `attr` varchar(150) DEFAULT '',
  `num` tinyint(3) DEFAULT NULL,
  `price` varchar(10) DEFAULT ''
) ENGINE=InnoDB DEFAULT CHARSET=utf8;
/*!40101 SET character_set_client = @saved_cs_client */;

--
-- Dumping data for table `goods_orders_info`
--

LOCK TABLES `goods_orders_info` WRITE;
/*!40000 ALTER TABLE `goods_orders_info` DISABLE KEYS */;
INSERT INTO `goods_orders_info` VALUES (22,9,'Uploads/Shop/2/52d00abab078f.jpg','尺码:中号;颜色:粉色;衣型:短袖;款式:情侣款;风格:学院风;',1,'123.00'),(23,8,'Uploads/Shop/2/52cfd6bbb7617.jpg','',2,'56.00'),(23,5,'Uploads/Shop/2/52d00b32e496c.jpg','尺码:均码;颜色:灰色;衣型:短袖;款式:女款;风格:清纯风;',2,'20.00');
/*!40000 ALTER TABLE `goods_orders_info` ENABLE KEYS */;
UNLOCK TABLES;

--
-- Table structure for table `goods_preferential`
--

DROP TABLE IF EXISTS `goods_preferential`;
/*!40101 SET @saved_cs_client     = @@character_set_client */;
/*!40101 SET character_set_client = utf8 */;
CREATE TABLE `goods_preferential` (
  `id` tinyint(5) NOT NULL AUTO_INCREMENT,
  `content` text COMMENT '优惠信息',
  `member_lev` tinyint(1) DEFAULT NULL,
  PRIMARY KEY (`id`)
) ENGINE=InnoDB DEFAULT CHARSET=utf8;
/*!40101 SET character_set_client = @saved_cs_client */;

--
-- Dumping data for table `goods_preferential`
--

LOCK TABLES `goods_preferential` WRITE;
/*!40000 ALTER TABLE `goods_preferential` DISABLE KEYS */;
/*!40000 ALTER TABLE `goods_preferential` ENABLE KEYS */;
UNLOCK TABLES;

--
-- Table structure for table `goods_sys_distr`
--

DROP TABLE IF EXISTS `goods_sys_distr`;
/*!40101 SET @saved_cs_client     = @@character_set_client */;
/*!40101 SET character_set_client = utf8 */;
CREATE TABLE `goods_sys_distr` (
  `did` int(11) NOT NULL AUTO_INCREMENT,
  `dname` varchar(50) DEFAULT '' COMMENT '配送方式',
  `type` tinyint(4) DEFAULT '1' COMMENT '1先付款2货到付款',
  `dlx` tinyint(6) DEFAULT '0' COMMENT '1顺丰2韵达3圆通4申通5中通6汇通7宅急送8民航9EMS',
  `url` varchar(100) DEFAULT '' COMMENT '物流公司网址',
  `sweight` int(11) DEFAULT '0' COMMENT '首重重量',
  `xzdw` int(11) DEFAULT NULL COMMENT '续重单位',
  `dszpr` decimal(10,2) DEFAULT NULL COMMENT '首重价格',
  `dxzpr` decimal(10,2) DEFAULT NULL COMMENT '续重价格',
  `sort` tinyint(6) DEFAULT '0' COMMENT '排序',
  `content` text COMMENT '内容',
  `add_time` int(11) DEFAULT '0',
  `edit_time` int(11) DEFAULT '0',
  `pub_id` int(11) DEFAULT '0' COMMENT '企业id',
  PRIMARY KEY (`did`)
) ENGINE=MyISAM AUTO_INCREMENT=12 DEFAULT CHARSET=utf8;
/*!40101 SET character_set_client = @saved_cs_client */;

--
-- Dumping data for table `goods_sys_distr`
--

LOCK TABLES `goods_sys_distr` WRITE;
/*!40000 ALTER TABLE `goods_sys_distr` DISABLE KEYS */;
INSERT INTO `goods_sys_distr` VALUES (1,'312312',1,2,'http://www.yundaex.com',500,500,'3123.00','321.00',21,'1312321',1389153286,1389159801,1),(2,'312312',1,2,'http://www.yundaex.com',1200,500,'1.00','21.00',1,'231312321321',1389153437,1389159821,1),(3,'312312',1,1,NULL,500,2147483647,'321.00','321.00',127,NULL,1389153449,1389153449,1),(4,'312312',1,1,NULL,500,500,'12.00','12.00',127,'312312321312',1389153479,1389153479,1),(5,'3123121221211212',2,2,'http://www.yundaex.com',1000,1200,'11.00','11.00',11,'31231231231221312312312是否vsdsdf地方',1389156969,1389159782,1),(6,'',2,1,'http://www.sf-express.com',500,500,'0.00','0.00',0,'',1389159134,1389159134,1),(7,'货到付款',2,1,'http://www.sf-express.com',500,500,'11.00','12.00',21,'231321312',1389159150,1389159150,1);
/*!40000 ALTER TABLE `goods_sys_distr` ENABLE KEYS */;
UNLOCK TABLES;

--
-- Table structure for table `goods_sys_pay`
--

DROP TABLE IF EXISTS `goods_sys_pay`;
/*!40101 SET @saved_cs_client     = @@character_set_client */;
/*!40101 SET character_set_client = utf8 */;
CREATE TABLE `goods_sys_pay` (
  `pid` int(11) NOT NULL AUTO_INCREMENT,
  `pname` varchar(50) DEFAULT '' COMMENT '支付方式名称',
  `pub_id` int(11) DEFAULT '0' COMMENT '商户id',
  `pwd` varchar(100) DEFAULT '' COMMENT '密钥',
  `seller_account` varchar(100) DEFAULT '' COMMENT '卖家账户',
  `sort` int(11) DEFAULT '0' COMMENT '排序',
  `add_time` int(11) DEFAULT NULL,
  `edit_time` int(11) DEFAULT NULL,
  `flag` tinyint(4) DEFAULT '0' COMMENT '0支付宝1货到付款',
  PRIMARY KEY (`pid`)
) ENGINE=MyISAM AUTO_INCREMENT=17 DEFAULT CHARSET=utf8;
/*!40101 SET character_set_client = @saved_cs_client */;

--
-- Dumping data for table `goods_sys_pay`
--

LOCK TABLES `goods_sys_pay` WRITE;
/*!40000 ALTER TABLE `goods_sys_pay` DISABLE KEYS */;
INSERT INTO `goods_sys_pay` VALUES (2,'21',0,'21','21',0,1389090075,1389090075,0),(3,'312',0,'312','312',0,1389090082,1389090082,0),(4,'312',0,'312','312',0,1389090145,1389090145,0),(5,'一切一切',0,'大师','的发生的',0,1389090203,1389093357,0),(6,'12312312',1221,'1221','212121',0,1389090217,1389090217,0),(7,'我是支付',3213,'312','312',312,1389090233,1389146117,0),(8,'货到付款111',0,'','',11,1389090256,1389146055,1),(9,'在来个支付',121,'11212321','122312312312',1,NULL,1389146138,0),(15,'货到付款',2,'','',0,1395476381,1395476381,1);
/*!40000 ALTER TABLE `goods_sys_pay` ENABLE KEYS */;
UNLOCK TABLES;

--
-- Table structure for table `goods_sys_site`
--

DROP TABLE IF EXISTS `goods_sys_site`;
/*!40101 SET @saved_cs_client     = @@character_set_client */;
/*!40101 SET character_set_client = utf8 */;
CREATE TABLE `goods_sys_site` (
  `sid` int(11) NOT NULL AUTO_INCREMENT,
  `sname` varchar(255) DEFAULT NULL,
  `slogo` varchar(255) DEFAULT NULL,
  `add_ress` varchar(255) DEFAULT NULL,
  `tel` varchar(255) DEFAULT NULL,
  `code` int(11) DEFAULT NULL,
  `email` varchar(255) DEFAULT NULL,
  `copy` varchar(255) DEFAULT NULL,
  `content` text,
  `add_time` int(11) DEFAULT NULL,
  `edit_time` int(11) DEFAULT NULL,
  `pub_id` int(10) unsigned zerofill DEFAULT NULL,
  PRIMARY KEY (`sid`)
) ENGINE=MyISAM AUTO_INCREMENT=4 DEFAULT CHARSET=utf8;
/*!40101 SET character_set_client = @saved_cs_client */;

--
-- Dumping data for table `goods_sys_site`
--

LOCK TABLES `goods_sys_site` WRITE;
/*!40000 ALTER TABLE `goods_sys_site` DISABLE KEYS */;
INSERT INTO `goods_sys_site` VALUES (1,'邓家佳时尚商城','Uploads/shop/1/s_52cbbce6a8ad8.jpg','北京鸟巢','13888888888',120120,'31231@qq.com','乐观微传播部','乐观微传播部由乐观数码成立',1389082767,1389084082,0000000001),(2,'邓家佳微商城','Uploads/Shop/2/s_52cfaa1f85a5f.png','北京市菜菊胡同110号','13588888888',10000,'djj@qq.com','北京乐观微传播','邓家佳微商城邓家佳微商城邓家佳微商城邓家佳微商城邓家佳微商城邓家佳微商城',1389250806,1389341330,0000000002),(3,'京东商城（测试）','Uploads/Shop/5/s_533104970fefc.png','发送到发送到','胜多负少',0,'','','京东商城（测试）京东商城（测试）京东商城（测试）',1395721367,1395721367,0000000005);
/*!40000 ALTER TABLE `goods_sys_site` ENABLE KEYS */;
UNLOCK TABLES;

--
-- Table structure for table `goods_type`
--

DROP TABLE IF EXISTS `goods_type`;
/*!40101 SET @saved_cs_client     = @@character_set_client */;
/*!40101 SET character_set_client = utf8 */;
CREATE TABLE `goods_type` (
  `id` tinyint(6) NOT NULL AUTO_INCREMENT,
  `pub_id` tinyint(8) DEFAULT '0',
  `type_name` varchar(30) DEFAULT '',
  `des` varchar(100) DEFAULT '',
  `img` varchar(100) DEFAULT '',
  `bid` tinyint(6) DEFAULT '0',
  `order` tinyint(6) DEFAULT '50',
  PRIMARY KEY (`id`)
) ENGINE=InnoDB AUTO_INCREMENT=19 DEFAULT CHARSET=utf8;
/*!40101 SET character_set_client = @saved_cs_client */;

--
-- Dumping data for table `goods_type`
--

LOCK TABLES `goods_type` WRITE;
/*!40000 ALTER TABLE `goods_type` DISABLE KEYS */;
INSERT INTO `goods_type` VALUES (4,2,'新品区','这里都是2014年新款，快来抢购吧','Uploads/Shop/2/52cfb48561e6d.jpg',0,1),(5,2,'热卖区','这些款式卖的非常好哦','Uploads/Shop/2/52cfb59588e68.jpg',0,2),(6,2,'外贸区','这批货都是我从泰国动物园带回来的','Uploads/Shop/2/52cfb59fd6542.jpg',0,3),(7,2,'新款女装','最新款','Uploads/Shop/2/52d009154a76d.jpg',4,1),(8,2,'新品男装','新品男装','Uploads/Shop/2/52d009336e279.jpg',4,2),(9,2,'热卖美瞳','热卖美瞳热卖美瞳','Uploads/Shop/2/52d00c9eeba12.jpg',5,1),(10,2,'热卖美甲','热卖美甲热卖美甲','Uploads/Shop/2/52d00cc12724c.jpg',5,2),(11,2,'外贸皮衣','','Uploads/Shop/2/52d01ba25ec15.jpg',6,1),(12,2,'外贸棉袄','','Uploads/Shop/2/52d01bc08269e.jpg',6,2),(13,2,'朋克摇滚风格','','Uploads/Shop/2/52d01fc344b8e.jpg',11,2),(14,2,'机车风格','','Uploads/Shop/2/52d01fd1d5e69.jpg',11,2),(18,2,'梦幻区','这些衣服穿上后你的男朋友会产生幻觉','Uploads/Shop/2/52cfa739e02cc.png',0,1);
/*!40000 ALTER TABLE `goods_type` ENABLE KEYS */;
UNLOCK TABLES;

--
-- Table structure for table `industry`
--

DROP TABLE IF EXISTS `industry`;
/*!40101 SET @saved_cs_client     = @@character_set_client */;
/*!40101 SET character_set_client = utf8 */;
CREATE TABLE `industry` (
  `id` tinyint(3) unsigned NOT NULL AUTO_INCREMENT,
  `name` varchar(20) NOT NULL DEFAULT '',
  `countcus` mediumint(15) unsigned DEFAULT '0',
  `des` varchar(50) NOT NULL DEFAULT '',
  `link` varchar(50) NOT NULL DEFAULT '',
  `addtime` varchar(20) NOT NULL DEFAULT '',
  `uptime` varchar(20) NOT NULL DEFAULT '',
  PRIMARY KEY (`id`)
) ENGINE=InnoDB AUTO_INCREMENT=7 DEFAULT CHARSET=utf8;
/*!40101 SET character_set_client = @saved_cs_client */;

--
-- Dumping data for table `industry`
--

LOCK TABLES `industry` WRITE;
/*!40000 ALTER TABLE `industry` DISABLE KEYS */;
INSERT INTO `industry` VALUES (1,'通用行业',2,'通用行业','/Admin/General/\r\n','2013-09-05 11:28:36',''),(2,'地产行业',2,'地产行业','/Admin/Estate/','2013-09-05 11:30:29',''),(3,'餐饮行业',2,'餐饮行业','/Admin/Food/','2013-09-05 11:30:29',''),(4,'服装行业',2,'服装行业','','2013-09-05 11:30:29',''),(5,'健身行业',0,'健身行业','','2013-09-05 11:30:29',''),(6,'医疗行业',0,'医疗行业','/Admin/Medical/','2014-03-07 17:33:29','');
/*!40000 ALTER TABLE `industry` ENABLE KEYS */;
UNLOCK TABLES;

--
-- Table structure for table `kdoctor`
--

DROP TABLE IF EXISTS `kdoctor`;
/*!40101 SET @saved_cs_client     = @@character_set_client */;
/*!40101 SET character_set_client = utf8 */;
CREATE TABLE `kdoctor` (
  `did` tinyint(5) NOT NULL AUTO_INCREMENT,
  `dname` varchar(20) CHARACTER SET utf8 DEFAULT '' COMMENT '医生姓名',
  `dcon` text CHARACTER SET utf8,
  `dpic` varchar(150) CHARACTER SET utf8 DEFAULT '' COMMENT '医生照片',
  `is_work` tinyint(2) DEFAULT '0' COMMENT '0在上班1不在上班',
  `kid` tinyint(5) DEFAULT NULL,
  `dnum` tinyint(5) DEFAULT '0' COMMENT '每位医生微信在线挂号限制次数',
  `add_time` int(11) DEFAULT '0' COMMENT '添加时间',
  `edit_time` int(11) DEFAULT '0' COMMENT '修改时间',
  `pub_id` int(11) DEFAULT '0',
  `ind` tinyint(5) DEFAULT '6' COMMENT '行业id',
  PRIMARY KEY (`did`)
) ENGINE=InnoDB AUTO_INCREMENT=9 DEFAULT CHARSET=latin1;
/*!40101 SET character_set_client = @saved_cs_client */;

--
-- Dumping data for table `kdoctor`
--

LOCK TABLES `kdoctor` WRITE;
/*!40000 ALTER TABLE `kdoctor` DISABLE KEYS */;
INSERT INTO `kdoctor` VALUES (5,'专家一号','专家一号专家一号专家一号专家一号专家一号专家一号专家一号专家一号专家一号专家一号专家一号专家一号专家一号专家一号专家一号专家一号专家一号专家一号专家一号专家一号专家一号专家一号专家一号专家一号专家一号专家一号专家一号专家一号','Uploads/Medical/5/s_532583c2445cd.jpg',0,3,10,1394454294,1394967490,5,6),(6,'专家名称1','3123123','Uploads/Medical/5/s_532583b701130.jpg',0,3,11,1394460420,1394967479,5,6),(7,'妇科专家一','212112','Uploads/Medical/5/s_532583d7de51e.jpg',0,2,11,1394681249,1394967511,5,6),(8,'产科专家1','321','Uploads/Medical/5/s_532583ea557ad.jpg',0,1,11,1394681394,1394967530,5,6);
/*!40000 ALTER TABLE `kdoctor` ENABLE KEYS */;
UNLOCK TABLES;

--
-- Table structure for table `keshi`
--

DROP TABLE IF EXISTS `keshi`;
/*!40101 SET @saved_cs_client     = @@character_set_client */;
/*!40101 SET character_set_client = utf8 */;
CREATE TABLE `keshi` (
  `kid` tinyint(5) NOT NULL AUTO_INCREMENT,
  `kname` varchar(50) CHARACTER SET utf8 DEFAULT '' COMMENT '科室名称',
  `kpic` varchar(150) CHARACTER SET utf8 DEFAULT '' COMMENT '科室图片',
  `kcon` text CHARACTER SET utf8 COMMENT '科室介绍',
  `add_time` int(11) DEFAULT '0' COMMENT '添加时间',
  `edit_time` int(11) DEFAULT '0' COMMENT '修改时间',
  `pub_id` int(11) DEFAULT '0',
  `ind` tinyint(4) DEFAULT '6' COMMENT '行业id默认为医疗行业',
  PRIMARY KEY (`kid`)
) ENGINE=InnoDB AUTO_INCREMENT=4 DEFAULT CHARSET=latin1;
/*!40101 SET character_set_client = @saved_cs_client */;

--
-- Dumping data for table `keshi`
--

LOCK TABLES `keshi` WRITE;
/*!40000 ALTER TABLE `keshi` DISABLE KEYS */;
INSERT INTO `keshi` VALUES (1,'产科中心','Uploads/Medical/5/s_532582b71fd13.jpg','产科中心产科中心产科中心产科中心产科中心产科中心产科中心产科中心产科中心产科中心产科中心产科中心产科中心产科中心产科中心产科中心产科中心产科中心产科中心产科中心产科中心产科中心产科中心产科中心产科中心产科中心产科中心产科中心产科中心产科中心产科中心产科中心产科中心产科中心产科中心产科中心产科中心产科中心产科中心产科中心',1394441554,1394967223,5,6),(2,'妇科中心','Uploads/Medical/5/s_532582ab997f6.jpg','妇科中心妇科中心妇科中心妇科中心妇科中心妇科中心妇科中心妇科中心妇科中心妇科中心妇科中心妇科中心妇科中心妇科中心妇科中心妇科中心妇科中心妇科中心妇科中心妇科中心vv',1394441607,1394967212,5,6),(3,'外科中心','Uploads/Medical/5/s_532582960b84c.jpg','外科中心外科中心外科中心外科中心外科中心外科中心外科中心外科中心外科中心外科中心外科中心外科中心外科中心外科中心外科中心外科中心外科中心外科中心外科中心外科中心外科中心外科中心外科中心312312312312',1394441660,1394967190,5,6);
/*!40000 ALTER TABLE `keshi` ENABLE KEYS */;
UNLOCK TABLES;

--
-- Table structure for table `magic`
--

DROP TABLE IF EXISTS `magic`;
/*!40101 SET @saved_cs_client     = @@character_set_client */;
/*!40101 SET character_set_client = utf8 */;
CREATE TABLE `magic` (
  `id` mediumint(10) NOT NULL AUTO_INCREMENT,
  `img_name` varchar(50) DEFAULT '',
  `img_path` varchar(100) DEFAULT '',
  `pub_id` tinyint(4) DEFAULT '0',
  `addtime` varchar(20) DEFAULT '',
  `img_url` varchar(100) DEFAULT '',
  `flag` tinyint(4) NOT NULL DEFAULT '1' COMMENT '1首页2内页',
  PRIMARY KEY (`id`)
) ENGINE=InnoDB AUTO_INCREMENT=68 DEFAULT CHARSET=utf8;
/*!40101 SET character_set_client = @saved_cs_client */;

--
-- Dumping data for table `magic`
--

LOCK TABLES `magic` WRITE;
/*!40000 ALTER TABLE `magic` DISABLE KEYS */;
INSERT INTO `magic` VALUES (4,'a2','Uploads/General/s_52527a2ab48ea.jpg',17,'2013-10-07 17:58:08','aa22',1),(5,'a333','Uploads/General/s_52527a3a34807.jpg',17,'2013-10-07 17:14:09','aaa333',1),(6,'aaaaa','Uploads/General/s_52527aab5a3f4.jpg',17,'2013-10-07 17:07:11','aaaa',1),(9,'a2','Uploads/General/15/s_527f7306a67d3.jpg',15,'2013-11-10 19:31:50','http://www.baidu.com',1),(10,'eqweqw','Uploads/General/1/s_52811b36169c3.jpg',1,'2013-11-12 02:22:00','',1),(11,'大三大四的','Uploads/General/1/s_52811b408cbeb.jpg',1,'2013-11-12 02:32:00','',1),(22,'','Uploads/General/3/s_528c73cd0af24.jpg',3,'2013-11-20 16:17:33','',1),(24,'','Uploads/General/3/s_528c73e938c1d.jpg',3,'2013-11-20 16:45:33','',1),(26,'','Uploads/General/3/s_528c740915f9f.jpg',3,'2013-11-20 16:17:34','',1),(27,'','Uploads/General/3/s_528c7410d87d0.jpg',3,'2013-11-20 16:25:34','',1),(28,'','Uploads/General/3/s_528c741ee5628.jpg',3,'2013-11-20 16:39:34','',1),(31,'啊啊','Uploads/General/2/s_52cfe7ea5531c.jpg',2,'2013-11-20 22:29:35','',1),(32,'飞','Uploads/General/2/s_52cfe73e8299e.jpg',2,'2013-11-20 22:09:36','',1),(34,'谷歌','Uploads/General/4/s_5294cedb6eace.jpg',4,'2013-11-27 00:55:39','',1),(35,'12312','Uploads/General/4/s_5294d4372ac1b.png',4,'2013-11-27 01:47:02','',1),(41,'1','Uploads/Medical/5/s_5330e488a707a.jpg',5,'2013-12-04 23:52:59','',1),(42,'女装','Uploads/Medical/5/s_5330e49561c3c.jpg',5,'2013-12-05 00:19:00','',1),(46,'4','Uploads/Medical/5/s_5330e4a2ad331.jpg',5,'2013-12-06 01:33:05','',2),(47,'eqweqw','Uploads/Medical/5/s_5330e4c93575f.jpg',5,'2013-12-06 01:41:05','',2),(52,'eqweqw','Uploads/General/2/s_52cfeb2259f49.jpg',2,'2013-12-07 12:27:31','',2),(53,'eqweqw','Uploads/General/6/s_52b4fce7742ec.jpg',6,'2013-12-21 10:55:28','',1),(54,'eqweqw','Uploads/General/6/s_52b4fd12269ed.jpg',6,'2013-12-21 10:38:29','',1),(58,'','Uploads/General/7/s_52b530ccec24a.jpg',7,'2013-12-21 14:21:10','',2),(59,'','Uploads/General/7/s_52b530df4aa64.jpg',7,'2013-12-21 14:39:10','',2),(60,'','Uploads/General/7/s_52b530e70d0f7.jpg',7,'2013-12-21 14:47:10','',2),(61,'','Uploads/General/7/s_52b530eecce0e.jpg',7,'2013-12-21 14:54:10','',2),(62,'啊啊','Uploads/General/2/s_52cfeb52208b8.jpg',2,'2014-01-10 20:06:45','',2),(63,'eqweqw','Uploads/General/2/s_52cfeb72118aa.jpg',2,'2014-01-10 20:38:45','',1),(64,'1','Uploads/General/8/s_5354a4db9f2fc.jpg',8,'2014-04-21 12:56:55','',1),(65,'1','Uploads/General/8/s_5354a52d9d25f.jpg',8,'2014-04-21 12:17:57','',2),(66,'2','Uploads/General/8/s_5354a534edaef.jpg',8,'2014-04-21 12:25:57','',2),(67,'2','Uploads/General/8/s_5354a55e8d655.jpg',8,'2014-04-21 12:07:58','',1);
/*!40000 ALTER TABLE `magic` ENABLE KEYS */;
UNLOCK TABLES;

--
-- Table structure for table `manager`
--

DROP TABLE IF EXISTS `manager`;
/*!40101 SET @saved_cs_client     = @@character_set_client */;
/*!40101 SET character_set_client = utf8 */;
CREATE TABLE `manager` (
  `id` tinyint(10) unsigned NOT NULL AUTO_INCREMENT,
  `name` varchar(50) NOT NULL DEFAULT '',
  `pwd` varchar(50) NOT NULL DEFAULT '',
  `flag` tinyint(2) DEFAULT '1' COMMENT '10为BOSS 1为企业用户2为代理商',
  PRIMARY KEY (`id`)
) ENGINE=InnoDB AUTO_INCREMENT=7 DEFAULT CHARSET=utf8;
/*!40101 SET character_set_client = @saved_cs_client */;

--
-- Dumping data for table `manager`
--

LOCK TABLES `manager` WRITE;
/*!40000 ALTER TABLE `manager` DISABLE KEYS */;
INSERT INTO `manager` VALUES (1,'4cf28ebf09f5fc153077185b464f2bb1','71914b27954d5182228d00511feeb688',10),(2,'test1@qq.com','5a105e8b9d40e1329780d62ea2265d8a',1),(3,'test2@qq.com','ad0234829205b9033196ba818f7a872b',1),(4,'test3@qq.com','8ad8757baa8564dc136c1e07507f4a98',2),(5,'test4@qq.com','86985e105f79b95d6bc918fb45ec7727',1),(6,'test5@qq.com','e3d704f3542b44a621ebed70dc0efe13',2);
/*!40000 ALTER TABLE `manager` ENABLE KEYS */;
UNLOCK TABLES;

--
-- Table structure for table `map`
--

DROP TABLE IF EXISTS `map`;
/*!40101 SET @saved_cs_client     = @@character_set_client */;
/*!40101 SET character_set_client = utf8 */;
CREATE TABLE `map` (
  `id` tinyint(6) NOT NULL AUTO_INCREMENT,
  `company` varchar(50) DEFAULT '',
  `phone` varchar(20) DEFAULT '',
  `address` varchar(100) DEFAULT '',
  `api_address` varchar(100) DEFAULT '',
  `info` varchar(100) DEFAULT '',
  `lng` decimal(10,6) DEFAULT '116.000000',
  `lat` decimal(10,6) DEFAULT NULL,
  `pub_id` tinyint(4) DEFAULT NULL,
  PRIMARY KEY (`id`)
) ENGINE=InnoDB AUTO_INCREMENT=3 DEFAULT CHARSET=utf8;
/*!40101 SET character_set_client = @saved_cs_client */;

--
-- Dumping data for table `map`
--

LOCK TABLES `map` WRITE;
/*!40000 ALTER TABLE `map` DISABLE KEYS */;
INSERT INTO `map` VALUES (1,'乐观数码视觉传播机构','18310428263','北京东城区菊儿胡同七号一轻研究所南楼',NULL,NULL,'116.412987','39.945481',2),(2,'北京医院','13552188563','北京市东城区东单大华路1号',NULL,NULL,'113.668318','22.828461',5);
/*!40000 ALTER TABLE `map` ENABLE KEYS */;
UNLOCK TABLES;

--
-- Table structure for table `membercard`
--

DROP TABLE IF EXISTS `membercard`;
/*!40101 SET @saved_cs_client     = @@character_set_client */;
/*!40101 SET character_set_client = utf8 */;
CREATE TABLE `membercard` (
  `card_id` tinyint(5) NOT NULL AUTO_INCREMENT COMMENT '会员卡id',
  `card_pic1` varchar(50) CHARACTER SET utf8 DEFAULT NULL COMMENT '企业logo',
  `card_pic2` varchar(50) CHARACTER SET utf8 DEFAULT NULL COMMENT '企业会员卡图片',
  `add_time` int(11) DEFAULT NULL COMMENT '增加时间',
  `edit_time` int(11) DEFAULT NULL COMMENT '修改时间',
  `pub_id` tinyint(5) DEFAULT NULL COMMENT '公众帐号id',
  `ind_id` tinyint(2) DEFAULT NULL COMMENT '行业id',
  PRIMARY KEY (`card_id`)
) ENGINE=MyISAM AUTO_INCREMENT=12 DEFAULT CHARSET=utf8 COLLATE=utf8_unicode_ci;
/*!40101 SET character_set_client = @saved_cs_client */;

--
-- Dumping data for table `membercard`
--

LOCK TABLES `membercard` WRITE;
/*!40000 ALTER TABLE `membercard` DISABLE KEYS */;
INSERT INTO `membercard` VALUES (5,'Uploads/General/1/s_5284d8aba17fe.jpg','Public/image/Gengral/card_1.png',1381158976,1384437931,1,1),(6,'Uploads\\General\\s_527f73d10ae77.png','Public/image/Gengral/card_2.png',1382248186,1384084433,15,1),(7,'Uploads/General/2/s_52af146c56200.png','Public/image/Gengral/card_1.png',1384534151,1394270734,2,1),(8,'Uploads/General/3/s_528c61ee4fc36.jpg','Uploads/General/3/s_528c61ee67aee.JPG',1384931823,1384931823,3,1),(9,'Uploads/General/5/s_529f5510956c4.jpg','Public/image/Gengral/card_1.png',1386173585,1386173746,5,1),(10,'Uploads/Food/4/s_52ad9b43c2eaf.png','Public/image/Gengral/card_2.png',1387029154,1387109187,4,3),(11,'Uploads/General/8/s_5355cfd97604d.png','Public/image/Gengral/card_2.png',1398132670,1398132847,8,1);
/*!40000 ALTER TABLE `membercard` ENABLE KEYS */;
UNLOCK TABLES;

--
-- Table structure for table `morder`
--

DROP TABLE IF EXISTS `morder`;
/*!40101 SET @saved_cs_client     = @@character_set_client */;
/*!40101 SET character_set_client = utf8 */;
CREATE TABLE `morder` (
  `oid` int(11) NOT NULL AUTO_INCREMENT,
  `oname` varchar(20) CHARACTER SET utf8 DEFAULT '' COMMENT '患者姓名',
  `osex` tinyint(2) DEFAULT '0' COMMENT '0男1女',
  `oage` tinyint(3) DEFAULT '0' COMMENT '年龄',
  `tel` varchar(20) CHARACTER SET utf8 DEFAULT '' COMMENT '联系手机',
  `odate` int(11) DEFAULT '0' COMMENT '挂号日期',
  `oaddress` varchar(200) CHARACTER SET utf8 DEFAULT '' COMMENT '地址',
  `okeshi` tinyint(3) DEFAULT '0' COMMENT '科室id',
  `ozj` tinyint(3) DEFAULT '0' COMMENT '专家id',
  `ocon` text CHARACTER SET utf8,
  `add_time` int(11) DEFAULT '0' COMMENT '挂号添加时间',
  `pub_id` tinyint(6) DEFAULT '0' COMMENT '企业id',
  `openid` varchar(200) CHARACTER SET utf8 DEFAULT '' COMMENT 'openid',
  `flag` tinyint(2) DEFAULT '0' COMMENT '0未处理1是已经处理',
  `is_del` tinyint(2) DEFAULT '0' COMMENT '0显示1删除',
  PRIMARY KEY (`oid`)
) ENGINE=InnoDB AUTO_INCREMENT=14 DEFAULT CHARSET=latin1;
/*!40101 SET character_set_client = @saved_cs_client */;

--
-- Dumping data for table `morder`
--

LOCK TABLES `morder` WRITE;
/*!40000 ALTER TABLE `morder` DISABLE KEYS */;
INSERT INTO `morder` VALUES (12,'死肥仔',0,25,'13588888888',1394985600,'昌平区天通苑',1,8,'昌平区天通苑昌平区天通苑昌平区天通苑',1394811435,5,'o_ow9uAhDO-0bS2gAbWLQ4ebWKOU',0,1),(13,'呵呵',0,22,'13652847456',1395072000,'旅进旅退',2,7,'旅进旅',1394817601,5,'o9ibujgvuEiQuzC32Vh1-zDbWPUM',1,0);
/*!40000 ALTER TABLE `morder` ENABLE KEYS */;
UNLOCK TABLES;

--
-- Table structure for table `mproduct`
--

DROP TABLE IF EXISTS `mproduct`;
/*!40101 SET @saved_cs_client     = @@character_set_client */;
/*!40101 SET character_set_client = utf8 */;
CREATE TABLE `mproduct` (
  `pid` int(11) NOT NULL AUTO_INCREMENT COMMENT '产品id',
  `ptitle` varchar(10) DEFAULT '' COMMENT '产品名称',
  `ppic` varchar(50) DEFAULT '' COMMENT '产品图片',
  `pcid` tinyint(2) DEFAULT NULL COMMENT '产品所属分类',
  `price` tinyint(5) DEFAULT NULL COMMENT '价格',
  `pinfo` text,
  `soft` tinyint(5) NOT NULL DEFAULT '100' COMMENT '产品',
  `add_time` int(11) DEFAULT NULL COMMENT '增加时间',
  `edit_time` int(11) DEFAULT NULL COMMENT '修改时间',
  `pub_id` tinyint(5) NOT NULL COMMENT '公众帐号id',
  `ind_id` tinyint(2) NOT NULL COMMENT '行业id',
  `is_del` tinyint(2) NOT NULL DEFAULT '1' COMMENT '1显示0删除',
  PRIMARY KEY (`pid`,`soft`,`pub_id`,`ind_id`,`is_del`)
) ENGINE=MyISAM AUTO_INCREMENT=79 DEFAULT CHARSET=utf8;
/*!40101 SET character_set_client = @saved_cs_client */;

--
-- Dumping data for table `mproduct`
--

LOCK TABLES `mproduct` WRITE;
/*!40000 ALTER TABLE `mproduct` DISABLE KEYS */;
INSERT INTO `mproduct` VALUES (1,'女女女女','Uploads/General/15/s_526374100cb66.jpg',NULL,0,'5oKo5Yirdm5idg==',100,1380874979,1382249488,15,1,0),(2,'hh','Uploads/General/15/s_526373e3ced8a.jpg',1,0,'dHR0',100,1382249444,1382249444,15,1,0),(3,'ik','Uploads/General/15/s_52637437d77c9.jpg',0,0,'a2k=',100,1382249528,1382249528,15,1,1),(4,'hh','Uploads/General/15/s_526376ae52930.jpg',1,0,'Z2doaA==',100,1382250158,1382250158,15,1,1),(7,'女女女女','Uploads/General/15/s_527f720794191.jpg',1,123,'<p>打发打发大润发</p>',100,1384083975,1384083975,15,1,1),(8,'童装案例1','Uploads/General/1/s_52825a1572e9d.jpg',4,0,'',100,1384274453,1384274453,1,1,1),(9,'新增特权2','Uploads/General/1/s_52825a3089da3.jpg',4,0,'<p>312312</p>',100,1384274480,1384274480,1,1,1),(10,'312','Uploads/General/1/s_52825a46cae40.jpg',4,0,'<p>321</p>',100,1384274502,1384274502,1,1,1),(11,'3123123','Uploads/General/1/s_52825a5bae447.jpg',4,0,'',100,1384274523,1384274523,1,1,1),(12,'3123123','Uploads/General/1/s_52825a79d6cf1.jpg',4,0,'<p>3123123</p>',100,1384274553,1384274553,1,1,1),(13,'红烧排骨2嗯嗯312','Uploads/General/1/s_52825a8fb677e.jpg',4,0,'<p>21312</p>',100,1384274575,1384274575,1,1,1),(14,'213123','Uploads/General/1/s_52825ab5c0e33.jpg',4,0,'',100,1384274613,1384274613,1,1,1),(15,'3123121231','Uploads/General/1/s_52825ac0c343e.jpg',4,0,'<p>3123</p>',100,1384274624,1384274624,1,1,1),(16,'fsdfsd3123','Uploads/General/1/s_52825aca72bca.jpg',4,0,'<p>312</p>',100,1384274634,1384274634,1,1,1),(17,'21312','Uploads/General/1/s_52825ad4d2a87.jpg',4,0,'<p>312312</p>',100,1384274644,1384274644,1,1,1),(18,'1312','Uploads/General/1/s_52825add70a1c.jpg',4,127,'<p>312</p>',100,1384274653,1384274653,1,1,1),(19,'312312312','Uploads/General/1/s_52825aebce100.jpg',4,0,'<p>312312312</p>',100,1384274667,1384274667,1,1,1),(20,'312312312','Uploads/General/1/s_52825b00d5d0f.jpg',4,0,'<p>312312312</p>',100,1384274688,1384274688,1,1,1),(21,'312312312','Uploads/General/1/s_52825b175dc7f.jpg',4,0,'<p>312312312</p>',100,1384274711,1384274711,1,1,1),(22,'312312','Uploads/General/1/s_52825b3593421.jpg',4,0,'<p>312312312</p>',100,1384274741,1384274741,1,1,1),(23,'123123123','Uploads/General/1/s_52825b4c01d45.jpg',4,0,'<p>ewqeqw</p>',100,1384274764,1384274764,1,1,1),(24,'qweqweqw','Uploads/General/1/s_52825b5f1b4d7.jpg',4,0,'<p>eqwe</p>',100,1384274783,1384274783,1,1,1),(25,'312312','Uploads/General/1/s_52825b73216d9.jpg',4,0,'<p>312312</p>',100,1384274803,1384274803,1,1,1),(26,'312312','Uploads/General/1/s_52825b8276fb5.jpg',4,0,'<p>3123123</p>',100,1384274818,1384274818,1,1,1),(27,'312312312','Uploads/General/1/s_52825b8db7d58.jpg',4,0,'<p>312312312</p>',100,1384274829,1384274829,1,1,1),(28,'312312312','Uploads/General/1/s_52825b9c82478.jpg',4,0,'<p>312312312312</p>',100,1384274844,1384274844,1,1,1),(29,'312312312','Uploads/General/1/s_52825bac717f8.jpg',4,0,'<p>312312312312</p>',100,1384274860,1384274860,1,1,1),(30,'312312312','Uploads/General/1/s_52825bb842be0.jpg',4,0,'<p>312312312</p>',100,1384274872,1384274872,1,1,1),(31,'31231231','Uploads/General/1/s_52825bd1917a2.jpg',4,127,'<p>312312</p>',100,1384274897,1384274897,1,1,1),(34,'3123','Uploads/General/2/s_52cfef04c9442.jpg',6,0,'<p>3123123</p>',100,1384536089,1389358853,2,1,1),(35,'31232','Uploads/General/2/s_52cfeeaa29562.jpg',6,127,'<p>312312</p>',100,1384536099,1389358762,2,1,1),(36,'112312','Uploads/General/2/s_52cfee924bc50.jpg',6,0,'<p>3123</p>',100,1384878486,1389358738,2,1,1),(37,'32','Uploads/General/2/s_52cfee7be30e4.jpg',6,0,'<p>312312</p>',100,1384878496,1389358716,2,1,1),(38,'312312','Uploads/General/2/s_52cfee21d98f4.jpg',6,0,'<p>3123123</p>',100,1384878504,1389358626,2,1,1),(39,'3123','Uploads/General/2/s_52cfee141ebab.jpg',6,0,'<p>312</p>',100,1384878513,1389358612,2,1,1),(40,'312','Uploads/General/2/s_52cfee0367f1a.jpg',6,127,'<p>312312</p>',100,1384878525,1389358595,2,1,1),(41,'321','Uploads/General/2/s_52cfedf0773b1.jpg',6,127,'<p>321312</p>',100,1384878536,1389358576,2,1,1),(42,'312','Uploads/General/2/s_52cfef504af19.jpg',6,0,'<p>3123</p>',100,1384878550,1389358928,2,1,1),(43,'321','Uploads/General/2/s_52cfedc99b408.jpg',6,0,'<p>312312</p>',100,1384878559,1389358537,2,1,1),(44,'3123','Uploads/General/2/s_52cfedb6e9828.jpg',6,0,'<p>312312</p>',100,1384878567,1389358519,2,1,1),(45,'321','Uploads/General/2/s_52cfeda7ab619.jpg',6,0,'<p>312</p>',100,1384878575,1389358504,2,1,1),(46,'121221','Uploads/General/2/s_52cfed8c8ed4a.jpg',6,0,'<p>321312</p>',100,1384878585,1389358476,2,1,1),(47,'21312','Uploads/General/2/s_52cfed7b52cc2.jpg',6,0,'<p>312312</p>',100,1384878595,1389358459,2,1,1),(48,'212121','Uploads/General/2/s_52cfed6cc4e38.jpg',6,0,'<p>312312</p>',100,1384878605,1389358444,2,1,1),(49,'12312','Uploads/General/2/s_52cfed5e63c85.jpg',6,127,'<p>312312</p>',100,1384878621,1389358430,2,1,1),(50,'21312','Uploads/General/2/s_52cfed50bc2d5.jpg',6,0,'<p>312312</p>',100,1384878631,1389358416,2,1,1),(51,'红烧排骨2嗯嗯','Uploads/General/2/s_52cfed446bc48.jpg',6,0,'<p>jghjgj</p>',100,1384878642,1389358404,2,1,1),(52,'4534','Uploads/General/2/s_52cfed3a2960e.jpg',6,0,'<p>534</p>',100,1384878651,1389358394,2,1,1),(53,'3123123','Uploads/General/2/s_52cfed2dec1be.jpg',6,0,'<p>312312</p>',100,1384878661,1389358382,2,1,1),(54,'312','Uploads/General/2/s_52cfed1355ef2.jpg',6,0,'<p>312312</p>',100,1384878676,1389358355,2,1,1),(55,'SC200/200','s_',7,0,'',100,1384932645,1384932645,3,1,1),(56,'','Uploads/General/5/s_53021968784e6.jpg',9,0,'',100,1392646504,1392646504,5,1,1),(57,'','Uploads/General/5/s_53021970e02da.jpg',9,0,'',100,1392646512,1392646512,5,1,1),(58,'','Uploads/General/5/s_530219790f559.jpg',9,0,'',100,1392646521,1392646521,5,1,1),(59,'','Uploads/General/5/s_5302198128649.jpg',9,0,'',100,1392646529,1392646529,5,1,1),(60,'','Uploads/General/5/s_53021b6fe7973.jpg',9,0,'',100,1392647023,1392647023,5,1,1),(61,'','Uploads/General/5/s_53021b77a5daf.jpg',9,0,'',100,1392647031,1392647031,5,1,1),(62,'','Uploads/General/5/s_53021baf9e232.jpg',9,0,'',100,1392647087,1392647087,5,1,1),(63,'','Uploads/General/5/s_53021bc8d2bf2.jpg',9,0,'',100,1392647112,1392647112,5,1,1),(64,'','Uploads/General/5/s_53021d95ecad0.jpg',9,0,'',100,1392647574,1392647574,5,1,1),(65,'','Uploads/General/5/s_53021dfd01ac7.jpg',9,0,'',100,1392647677,1392647677,5,1,1),(66,'','Uploads/General/5/s_53021e06ea596.jpg',9,0,'',100,1392647686,1392647686,5,1,1),(67,'','Uploads/General/5/s_53021e15d4c53.jpg',9,0,'',100,1392647701,1392647701,5,1,1),(68,'','Uploads/General/5/s_53021e1e7fe9f.jpg',9,0,'',100,1392647710,1392647710,5,1,1),(69,'','Uploads/General/5/s_53021e2746a4e.jpg',9,0,'',100,1392647719,1392647719,5,1,1),(70,'','Uploads/General/5/s_53021e3013f2d.jpg',9,0,'',100,1392647728,1392647728,5,1,1),(71,'','Uploads/General/5/s_53021e3bad683.jpg',9,0,'',100,1392647739,1392647739,5,1,1),(72,'','Uploads/General/5/s_53021e431fc02.jpg',9,0,'',100,1392647747,1392647747,5,1,1),(73,'','Uploads/General/5/s_53021e4b9be9b.jpg',9,0,'',100,1392647755,1392647755,5,1,1),(74,'','Uploads/General/5/s_53021e557b70d.jpg',9,0,'',100,1392647765,1392647765,5,1,1),(75,'','Uploads/General/5/s_53021e5d613e4.jpg',9,0,'',100,1392647773,1392647773,5,1,1),(76,'','Uploads/General/5/s_53021e651f7cc.jpg',9,0,'',100,1392647781,1392647781,5,1,1),(77,'','Uploads/General/5/s_53021e6d46f12.jpg',9,0,'',100,1392647789,1392647789,5,1,1),(78,'','Uploads/General/5/s_53021e75abe54.jpg',9,0,'',100,1392647797,1392647797,5,1,1);
/*!40000 ALTER TABLE `mproduct` ENABLE KEYS */;
UNLOCK TABLES;

--
-- Table structure for table `opener`
--

DROP TABLE IF EXISTS `opener`;
/*!40101 SET @saved_cs_client     = @@character_set_client */;
/*!40101 SET character_set_client = utf8 */;
CREATE TABLE `opener` (
  `id` int(7) NOT NULL AUTO_INCREMENT,
  `openId` varchar(50) DEFAULT '',
  `pubId` tinyint(5) DEFAULT NULL,
  `wheelId` tinyint(5) DEFAULT '0',
  `tel` int(11) DEFAULT NULL,
  `allowLottery` tinyint(1) DEFAULT NULL COMMENT '0是不允许抽奖1是允许',
  `register` tinyint(1) DEFAULT NULL COMMENT '0是没注册1为注册',
  `remainTimes` tinyint(5) DEFAULT NULL,
  `dayRemainTimes` tinyint(2) DEFAULT NULL,
  `regTime` varchar(20) DEFAULT '',
  `timeflag` tinyint(1) DEFAULT '0' COMMENT '0为不是自己用完抽奖额度1是自己用完的抽奖额度',
  `todaytime` varchar(20) DEFAULT '',
  PRIMARY KEY (`id`)
) ENGINE=InnoDB AUTO_INCREMENT=52 DEFAULT CHARSET=utf8;
/*!40101 SET character_set_client = @saved_cs_client */;

--
-- Dumping data for table `opener`
--

LOCK TABLES `opener` WRITE;
/*!40000 ALTER TABLE `opener` DISABLE KEYS */;
INSERT INTO `opener` VALUES (1,'o9ibujmUC2hex9CaxdOBJyCag_i8',NULL,0,NULL,0,0,NULL,NULL,'',0,''),(3,'o_ow9uC4QwbgEAMC18-EydKMVbZU',NULL,0,NULL,0,0,NULL,NULL,'',0,''),(4,'o9ibujrJzJuQA1DsAkzYDiocxO-M',NULL,0,NULL,0,0,NULL,NULL,'',0,''),(5,'o_ow9uL2keyj_kF5lpBod4sDKMOQ',NULL,0,NULL,0,0,NULL,NULL,'',0,''),(6,'o9ibujgvuEiQuzC32Vh1-zDbWPUM',NULL,0,NULL,0,0,NULL,NULL,'',0,''),(8,'o_ow9uETcIPQj_ozXmkWJagd6j0U',NULL,0,NULL,0,0,NULL,NULL,'',0,''),(9,'o9ibujqED_ym0KCVBGW-Z74Wkmko',NULL,0,NULL,0,0,NULL,NULL,'',0,''),(10,'o_ow9uAhDO-0bS2gAbWLQ4ebWKOU',2,15,NULL,0,1,87,1,'',0,'2014-02-19'),(11,'o9ibujspNlMYKytIZdgFgATR5vuk',NULL,0,NULL,0,0,NULL,NULL,'',0,''),(12,'o_ow9uLbHalX1xH9xjqycy9WSY_I',NULL,0,NULL,0,0,NULL,NULL,'',0,''),(13,'oS0Ict0mz4lTtfCKDIIMSBwP0I0I',NULL,0,NULL,0,0,NULL,NULL,'',0,''),(14,'oS0Ict1zrM1FELm0ozont_PaMd8o',NULL,0,NULL,0,0,NULL,NULL,'',0,''),(15,'oS0Ict5TZfxA-n6O3eXvdiHpEbDM',NULL,0,NULL,0,0,NULL,NULL,'',0,''),(16,'o_ow9uOZJlSuzlO7yzQ65TICf124',NULL,0,NULL,0,0,NULL,NULL,'',0,''),(17,'o_ow9uNdUoxLfS_gjtckFk5cMLck',NULL,0,NULL,0,0,NULL,NULL,'',0,''),(18,'oAXMNt1qMjiLi5jaaT8UeDm45bVM',NULL,0,NULL,0,0,NULL,NULL,'',0,''),(19,'oAXMNt2wyebFfHPiKawS0S1oaNKc',NULL,0,NULL,0,0,NULL,NULL,'',0,''),(20,'oS0Ict3I_0Er5-StSSQJAI5DfP8A',NULL,0,NULL,0,0,NULL,NULL,'',0,''),(21,'oAXMNt_-MGPHyjlyFnWMuH0PqeXg',NULL,0,NULL,0,0,NULL,NULL,'',0,''),(22,'oS0Ict5hSGnu1WVng8XV64tMU0eg',NULL,0,NULL,0,0,NULL,NULL,'',0,''),(26,'o_ow9uFStxdaRx85PzUWePJysQJ0',2,4,NULL,0,1,5,4,'',0,'2013-12-03'),(27,'o_ow9uDpzXWD_e3SgxJvVp5NKY3U',2,11,NULL,0,1,0,1,'',1,'2013-12-08'),(28,'o3Od7uNJWCxGFePOYknRYaR_lXlQ',5,16,NULL,0,1,19,1,'',0,'2014-02-18'),(29,'o3Od7uGt0x11MHmO0_hjc4BhiUgk',5,17,NULL,0,1,17,1,'',0,'2014-03-05'),(30,'o3Od7uCTGwgGR6sheQB0oqMvVRwE',5,0,NULL,0,0,NULL,NULL,'',0,''),(31,'oAXMNt_yXjAL5x3VXE6YQmQPGFHk',4,0,NULL,0,0,NULL,NULL,'',0,''),(32,'o_ow9uKdzb03P-xFy9nbtc02aoSA',2,0,NULL,0,0,NULL,NULL,'',0,''),(33,'o_ow9uCu8YNmlTLTTV-K0gGnMBIg',2,0,NULL,0,1,NULL,NULL,'',0,''),(34,'ojuCbuHTuKiCVvEvgK2CXAGpZRq8',6,0,NULL,0,0,NULL,NULL,'',0,''),(35,'o_ow9uBo-qXkBjrfaS4ycmvjyg9Q',2,0,NULL,0,0,NULL,NULL,'',0,''),(36,'o3Od7uJyp3aAGh8QnO2FivhsSdrs',5,0,NULL,0,0,NULL,NULL,'',0,''),(37,'o_ow9uF1na_q4g1zaoEWqC5AvfEg',2,0,NULL,0,0,NULL,NULL,'',0,''),(38,'o_ow9uGJOpe1WQY8Jukbnoxixr_Y',2,0,NULL,0,0,NULL,NULL,'',0,''),(39,'o_ow9uCwVltRlvFoJ3RIsKsa6meE',2,0,NULL,0,0,NULL,NULL,'',0,''),(40,'o_ow9uIz8IOYQ2FbcD9HndJ4UaM0',2,0,NULL,0,0,NULL,NULL,'',0,''),(41,'o_ow9uJYve2tjGW-xvC9Y2PDyldg',2,0,NULL,0,0,NULL,NULL,'',0,''),(42,'o_ow9uI2nSxBSzka2gMWqtMx0aZY',2,0,NULL,0,0,NULL,NULL,'',0,''),(43,'o_ow9uNlfSZoaoZ79d2hGS_pCR-Y',2,0,NULL,0,0,NULL,NULL,'',0,''),(44,'o_ow9uEi6W6RmB5oxb0fyDrCU-AI',2,0,NULL,0,0,NULL,NULL,'',0,''),(45,'o3Od7uElwCNFSfYx99foOowmBG3M',5,0,NULL,0,0,NULL,NULL,'',0,''),(46,'o_ow9uAbC3-ebNKCusbdkpGbiTF0',2,0,NULL,0,0,NULL,NULL,'',0,''),(47,'o_ow9uGK5GWomgcgmP_pTP3ETpic',2,0,NULL,0,0,NULL,NULL,'',0,''),(48,'oZV28tx2KNMYIBxx8HkQyuY4fVro',8,0,NULL,0,0,NULL,NULL,'',0,''),(49,'oZV28tyxKCn8wM8jB6HYZ6cuoxAw',8,0,NULL,0,0,NULL,NULL,'',0,''),(50,'oZV28t4XxbIKpH1HxANfowzxDnG0',8,0,NULL,0,0,NULL,NULL,'',0,''),(51,'oZV28tzjRXpq3K1ZwsENQZAXb_oU',8,0,NULL,0,0,NULL,NULL,'',0,'');
/*!40000 ALTER TABLE `opener` ENABLE KEYS */;
UNLOCK TABLES;

--
-- Table structure for table `order_seo`
--

DROP TABLE IF EXISTS `order_seo`;
/*!40101 SET @saved_cs_client     = @@character_set_client */;
/*!40101 SET character_set_client = utf8 */;
CREATE TABLE `order_seo` (
  `seo_id` int(11) NOT NULL AUTO_INCREMENT COMMENT ' id 自增',
  `seo_seotitle` varchar(30) CHARACTER SET utf8 DEFAULT '' COMMENT 'seo标题',
  `seo_ordertitle` varchar(30) CHARACTER SET utf8 DEFAULT '' COMMENT '留言标题修改',
  `seo_companyname` varchar(16) CHARACTER SET utf8 DEFAULT '' COMMENT '公司名称标题',
  `seo_yourname` varchar(16) CHARACTER SET utf8 DEFAULT '' COMMENT '您的姓名修改',
  `seo_yourposts` varchar(16) CHARACTER SET utf8 DEFAULT '' COMMENT '你的职位标题',
  `seo_yourphone` varchar(16) CHARACTER SET utf8 DEFAULT '' COMMENT '你的手机标题',
  `seo_conname` varchar(16) CHARACTER SET utf8 DEFAULT '' COMMENT '您的需求标题',
  `seo_savename` varchar(30) CHARACTER SET utf8 DEFAULT '' COMMENT '我要发布标题',
  `seo_savecolor` varchar(16) CHARACTER SET utf8 DEFAULT '' COMMENT '我要发布的背景色',
  `seo_copyright` varchar(60) CHARACTER SET utf8 DEFAULT '' COMMENT '版权',
  `seo_copurl` varchar(100) CHARACTER SET utf8 DEFAULT '' COMMENT '版权url',
  `seo_ordercon` text COLLATE utf8_unicode_ci COMMENT '留言简介',
  `add_time` int(11) DEFAULT NULL COMMENT '增加时间',
  `edit_time` int(11) DEFAULT NULL COMMENT '修改时间',
  `pub_id` int(11) DEFAULT NULL COMMENT '企业id',
  `ind_id` int(11) DEFAULT NULL COMMENT '行业id',
  PRIMARY KEY (`seo_id`)
) ENGINE=MyISAM AUTO_INCREMENT=7 DEFAULT CHARSET=utf8 COLLATE=utf8_unicode_ci;
/*!40101 SET character_set_client = @saved_cs_client */;

--
-- Dumping data for table `order_seo`
--

LOCK TABLES `order_seo` WRITE;
/*!40000 ALTER TABLE `order_seo` DISABLE KEYS */;
INSERT INTO `order_seo` VALUES (3,'WTIMES(星斗科技)','WTIMES(星斗科技)','单位名称','你的姓名','你的职位','联系方式','需求填写','我要预约','#990000','','','<p><span style=\"font-size:12px;\">需求填写需求填写需求填写需求填写需求填写需求填写需求填写需求填写<span style=\"font-size:12px;\">需求填写需求填写需求填写需求填写需求填写需求填写需求填写需求填写<span style=\"font-size:12px;\">需求填写需求填写需求填写需求填写需求填写需求填写需求填写需求填写<span style=\"font-size:12px;\">需<a href=\"http://www.baidu.com\" target=\"_self\">求填写需求填写需求填写需求填写需求填写需求填写需求填写需求填写</a></span></span></span></span><br /></p>',1383153593,1383153593,1,1),(4,'唯诺摄影设计','','','','','','','我要预约','#FF0000','','','<p>请您认真填写一下信息，我们会尽快与您联系，感谢您的预约</p>',1385483597,1385483597,4,1),(5,'wtimes梦想科技2','请您填写以下信息','公司名称','您的姓名','公众帐号','联系手机','需求填写','我要入驻','#0000FF','','','<p>\r\n	wtimes梦想科技微学院开班了，赶紧来报名吧，让你的客户与您0距离接触\r\n</p>',1394379679,1394379679,2,1),(6,'唯诺国际文化传播','请填写您的真实信息，方便我们与您取的联系','','','公众帐号','','','我要申请','#990000','','','<p>想要入住我们的朋友可填写下面信息，或者说想预约摄影的公司也可以填写以下信息，公众帐号可不填写</p>',1387035019,1387035019,5,1);
/*!40000 ALTER TABLE `order_seo` ENABLE KEYS */;
UNLOCK TABLES;

--
-- Table structure for table `orders`
--

DROP TABLE IF EXISTS `orders`;
/*!40101 SET @saved_cs_client     = @@character_set_client */;
/*!40101 SET character_set_client = utf8 */;
CREATE TABLE `orders` (
  `order_id` int(11) NOT NULL AUTO_INCREMENT,
  `order_name` varchar(20) CHARACTER SET utf8 DEFAULT '' COMMENT '姓名',
  `order_phone` varchar(15) CHARACTER SET utf8 DEFAULT '' COMMENT '手机',
  `order_com` varchar(30) CHARACTER SET utf8 DEFAULT '' COMMENT '单位公司',
  `order_posts` varchar(20) CHARACTER SET utf8 DEFAULT '' COMMENT '职位',
  `order_con` varchar(255) COLLATE utf8_unicode_ci DEFAULT NULL COMMENT '需求填写',
  `add_time` int(11) DEFAULT NULL,
  `edit_time` int(11) DEFAULT NULL,
  `pub_id` int(11) DEFAULT NULL,
  `ind_id` int(11) DEFAULT NULL,
  `is_del` tinyint(4) DEFAULT '1' COMMENT '默认为1 1显示0删除',
  `flag` tinyint(4) DEFAULT '0' COMMENT '默认显示0 0未处理1已处理',
  PRIMARY KEY (`order_id`)
) ENGINE=MyISAM AUTO_INCREMENT=17 DEFAULT CHARSET=utf8 COLLATE=utf8_unicode_ci;
/*!40101 SET character_set_client = @saved_cs_client */;

--
-- Dumping data for table `orders`
--

LOCK TABLES `orders` WRITE;
/*!40000 ALTER TABLE `orders` DISABLE KEYS */;
INSERT INTO `orders` VALUES (7,'熊伟','13567890987','星斗科技','wtimes(星斗科技)副总裁','as发大水防守对方',1382874999,1382874999,1,NULL,0,1),(6,'曹总','13567890987','星斗科技','CEO','微信营销微信营销微信营销微信营销微信营销微信营销微信营销微信营销微信营销',1382874903,1382874903,1,NULL,0,0),(8,'肖总','13567890987','星斗科技','高级技术总监','发的书法大赛斯蒂芬时代',1382875054,1382875054,1,NULL,0,1),(9,'星斗','13567890987','星斗科技','CEO','发生的，23423 ，12岁的放的是',1382875671,1382875671,1,NULL,1,1),(10,'企鹅屋企稳企稳','13567890987','星斗科技','CEO','　中新网10月27日电 国务院总理李克强10月25日主持召开国务院常务会议，部署推进公司注册资本登记制度改革，降低创业成本，激发社会投资活力。会议明确放宽注册资本登记条件。\r\n　　会议明确，放宽注册资本登记条件。除法律、法规另有规定外，取消有限责任公司最低注册资本3万元、一人有限责任公司最低注册资本10万元、股份有限公司最低注册资本500万元的限制；不再限制公司设立时股东(发起人)的首次出资比例和缴足出资的期限。公司实收资本不再作为工商登记事项。　中新网10月27日电 国务院总理李克强10月25日主持召开',1382879758,1382879758,1,NULL,0,0),(11,'老婆','13567890987','星斗科技','CEO','就目前已经披露的细节来说，陈永洲在不到一年时间内先后发表的10余篇中联重科负面报道中，只有“1篇半”是自己在他人安排采访下完成的，其余都是由他人提供现成文稿，陈永洲只在此基础上进行修改加工，有的甚至看都没看，就在新快报上刊发。深层次原因，在于其本人业已供认的多次收取他人“酬劳”。\r\n　　相信，每位媒体人都会对这样的采编细节感到难以置信，记者“看都没看”就署名，完全不顾新闻报道实事求是的基本要求和记者一切从事实出发的道德操守。报社审稿环节也对这种行为毫无觉察，对重大监督报道在一年多的时间内把关不严，记者“看',1382880543,1382880543,1,NULL,0,0),(12,'熊伟','15678900987','发生大幅','发送到','说东方闪电',1383465342,1383465342,15,NULL,1,0),(13,'牛角尖','18511868436','哈哈哈','淡淡的','d黄金季节',1384447318,1384447318,1,NULL,1,1),(14,'Hugh','13523456543','Cannon','Cabbing','Hfdfhhbcdghvvbjcb',1384449029,1384449029,1,NULL,1,0),(15,'熊伟','18511868436','wtimes','刚刚乖乖跟ggg g h','哈哈姐姐健健康康',1385801291,1385801291,2,NULL,0,0),(16,'曹伟','18614031072','wtimes星斗科技工作室','wtimes星斗科技','您好，我对你们这个非常感兴趣，我也想加入，希望你们可以尽快电话给我。让我们一起推送移动互联这块崭新的市场。',1387698123,1387698123,2,NULL,0,1);
/*!40000 ALTER TABLE `orders` ENABLE KEYS */;
UNLOCK TABLES;

--
-- Table structure for table `privilege`
--

DROP TABLE IF EXISTS `privilege`;
/*!40101 SET @saved_cs_client     = @@character_set_client */;
/*!40101 SET character_set_client = utf8 */;
CREATE TABLE `privilege` (
  `pid` tinyint(4) NOT NULL AUTO_INCREMENT COMMENT '特权和活动的id',
  `ptitle` varchar(30) CHARACTER SET utf8 DEFAULT '' COMMENT '特权和活动的名称',
  `pinfo` text CHARACTER SET utf8 COMMENT '特权和活动的介绍',
  `add_time` int(11) DEFAULT NULL COMMENT '增加时间',
  `edit_time` int(11) DEFAULT NULL COMMENT '修改时间',
  `pub_id` tinyint(5) DEFAULT NULL COMMENT '企业id',
  `ind_id` tinyint(2) DEFAULT NULL COMMENT '行业id',
  `is_del` tinyint(2) DEFAULT '1' COMMENT '0是删除1是显示',
  `flag` tinyint(2) DEFAULT '1' COMMENT '1是特权2是会员活动',
  PRIMARY KEY (`pid`)
) ENGINE=MyISAM AUTO_INCREMENT=5 DEFAULT CHARSET=utf8 COLLATE=utf8_unicode_ci;
/*!40101 SET character_set_client = @saved_cs_client */;

--
-- Dumping data for table `privilege`
--

LOCK TABLES `privilege` WRITE;
/*!40000 ALTER TABLE `privilege` DISABLE KEYS */;
INSERT INTO `privilege` VALUES (1,'加盟wtimes(星斗科技)即可获得iphone5s土豪金一','<p>加盟wtimes(星斗科技)即可获得iphone5s土豪金一台(测试中...)加盟wtimes(星斗科技)即可获得iphone5s土豪金一台(测试中...)加盟wtimes(星斗科技)即可获得iphone5s土豪金一台(测试中...)加盟wtimes(星斗科技)即可获得iphone5s土豪金一台(测试中...)<br /></p>',1384448814,1384448814,1,1,1,1),(2,'wtimes(星斗科技)省级代理费用只需10W啦。。。你，还','<p>wtimes(星斗科技)省级代理费用只需10W啦。。。你，还在等什么?wtimes(星斗科技)省级代理费用只需10W啦。。。你，还在等什么?wtimes(星斗科技)省级代理费用只需10W啦。。。你，还在等什么?wtimes(星斗科技)省级代理费用只需10W啦。。。你，还在等什么?wtimes(星斗科技)省级代理费用只需10W啦。。。你，还在等什么?<br /></p>',1384448886,1384448886,1,1,1,2),(3,'VIP皇冠会员','<p><span style=\"font-size:12px;\">vip可享受贵宾级待遇，亲属也可享受任何一个套餐</span><br /></p>',1385362998,1385362998,2,1,1,1),(4,'本店10月到年底优惠大酬宾感谢新老客户','<p><span style=\"font-size:12px;\">持会员卡的同学可以来本店进行免餐消费哦~</span></p>',1385363075,1385363075,2,1,1,2);
/*!40000 ALTER TABLE `privilege` ENABLE KEYS */;
UNLOCK TABLES;

--
-- Table structure for table `province`
--

DROP TABLE IF EXISTS `province`;
/*!40101 SET @saved_cs_client     = @@character_set_client */;
/*!40101 SET character_set_client = utf8 */;
CREATE TABLE `province` (
  `id` int(11) NOT NULL AUTO_INCREMENT,
  `provinceID` varchar(6) COLLATE utf8_bin DEFAULT NULL,
  `province` varchar(40) COLLATE utf8_bin DEFAULT NULL,
  PRIMARY KEY (`id`),
  KEY `id` (`id`),
  KEY `provinceID` (`provinceID`)
) ENGINE=InnoDB AUTO_INCREMENT=35 DEFAULT CHARSET=utf8 COLLATE=utf8_bin;
/*!40101 SET character_set_client = @saved_cs_client */;

--
-- Dumping data for table `province`
--

LOCK TABLES `province` WRITE;
/*!40000 ALTER TABLE `province` DISABLE KEYS */;
INSERT INTO `province` VALUES (1,'110000','北京市'),(2,'120000','天津市'),(3,'130000','河北省'),(4,'140000','山西省'),(5,'150000','内蒙古自治区'),(6,'210000','辽宁省'),(7,'220000','吉林省'),(8,'230000','黑龙江省'),(9,'310000','上海市'),(10,'320000','江苏省'),(11,'330000','浙江省'),(12,'340000','安徽省'),(13,'350000','福建省'),(14,'360000','江西省'),(15,'370000','山东省'),(16,'410000','河南省'),(17,'420000','湖北省'),(18,'430000','湖南省'),(19,'440000','广东省'),(20,'450000','广西壮族自治区'),(21,'460000','海南省'),(22,'500000','重庆市'),(23,'510000','四川省'),(24,'520000','贵州省'),(25,'530000','云南省'),(26,'540000','西藏自治区'),(27,'610000','陕西省'),(28,'620000','甘肃省'),(29,'630000','青海省'),(30,'640000','宁夏回族自治区'),(31,'650000','新疆维吾尔自治区'),(32,'710000','台湾省'),(33,'810000','香港特别行政区'),(34,'820000','澳门特别行政区');
/*!40000 ALTER TABLE `province` ENABLE KEYS */;
UNLOCK TABLES;

--
-- Table structure for table `pub_temp`
--

DROP TABLE IF EXISTS `pub_temp`;
/*!40101 SET @saved_cs_client     = @@character_set_client */;
/*!40101 SET character_set_client = utf8 */;
CREATE TABLE `pub_temp` (
  `ptid` tinyint(5) NOT NULL AUTO_INCREMENT,
  `ptname` varchar(20) CHARACTER SET utf8 DEFAULT '' COMMENT '公用模板名称',
  `pimg` varchar(150) CHARACTER SET utf8 DEFAULT '' COMMENT '模板路径',
  `pflag` tinyint(2) DEFAULT '0' COMMENT '0二级模板1文章列表2文章内容3底部菜单',
  PRIMARY KEY (`ptid`)
) ENGINE=InnoDB AUTO_INCREMENT=6 DEFAULT CHARSET=latin1;
/*!40101 SET character_set_client = @saved_cs_client */;

--
-- Dumping data for table `pub_temp`
--

LOCK TABLES `pub_temp` WRITE;
/*!40000 ALTER TABLE `pub_temp` DISABLE KEYS */;
INSERT INTO `pub_temp` VALUES (1,'etemp1','/Public/image/pubimg/werji/etemp1.png',0),(2,'ltemp1','/Public/image/pubimg/wlist/ltemp1.png',1),(3,'atemp1','/Public/image/pubimg/warticle/atemp1.png',2),(4,'ftemp1','/Public/image/pubimg/wfooter/ftemp1.png',3),(5,'etemp2','/Public/image/pubimg/werji/etemp1.png',0);
/*!40000 ALTER TABLE `pub_temp` ENABLE KEYS */;
UNLOCK TABLES;

--
-- Table structure for table `publicers`
--

DROP TABLE IF EXISTS `publicers`;
/*!40101 SET @saved_cs_client     = @@character_set_client */;
/*!40101 SET character_set_client = utf8 */;
CREATE TABLE `publicers` (
  `id` mediumint(8) unsigned NOT NULL AUTO_INCREMENT,
  `cusid` mediumint(10) DEFAULT NULL,
  `openid` varchar(50) NOT NULL DEFAULT '',
  `pname` varchar(20) NOT NULL DEFAULT '',
  `wechat` varchar(20) NOT NULL DEFAULT '',
  `industry` tinyint(2) unsigned DEFAULT '0',
  `token` varchar(30) NOT NULL DEFAULT '',
  `appid` smallint(5) unsigned DEFAULT '0',
  `appsecret` varchar(20) NOT NULL DEFAULT '',
  `pqq` int(15) unsigned DEFAULT '0',
  `fansnum` int(10) DEFAULT '0',
  `addtime` varchar(30) DEFAULT '',
  `show` enum('0','1') DEFAULT '1',
  `temp_id` varchar(20) DEFAULT 'temp_1',
  `order_tpl` varchar(20) DEFAULT 'temp_1',
  `is_shop` tinyint(1) DEFAULT '0' COMMENT '0没有商城功能1有商城',
  `shop_name` varchar(20) NOT NULL DEFAULT 'stp1',
  `is_show` tinyint(1) NOT NULL DEFAULT '1' COMMENT '0不显示1显示',
  `is_360` tinyint(1) DEFAULT '0' COMMENT '0关闭360全景1开启',
  `etname` varchar(20) DEFAULT 'etemp1' COMMENT '二级模板选择',
  `ltname` varchar(20) DEFAULT 'ltemp1' COMMENT '文章列表模板',
  `atname` varchar(20) DEFAULT 'atemp1' COMMENT '文章内容模板',
  `ftname` varchar(20) DEFAULT 'ftemp1' COMMENT '底部菜单',
  PRIMARY KEY (`id`)
) ENGINE=MyISAM AUTO_INCREMENT=9 DEFAULT CHARSET=utf8;
/*!40101 SET character_set_client = @saved_cs_client */;

--
-- Dumping data for table `publicers`
--

LOCK TABLES `publicers` WRITE;
/*!40000 ALTER TABLE `publicers` DISABLE KEYS */;
INSERT INTO `publicers` VALUES (2,18,'gh_414e3376a283','wtimes星斗科技','wtimes-ceo',1,'wtimes',0,'',0,0,'2013-11-12 13:39:35','1','temp_6','temp_1',1,'stp1',1,0,'etemp1','ltemp1','atemp1','ftemp1'),(4,21,'gh_c3955e45db8f','维诺文化传媒','weinuowenhua',3,'wtimes',0,'',0,0,'2013-11-21 16:03:17','1','temp_10','temp_1',0,'stp1',1,0,NULL,NULL,NULL,NULL),(5,21,'gh_f7120b860d0b','vipxwei','xiongweishow',6,'mgwx',0,'',0,0,'2013-12-04 23:09:45','1','temp_11','temp_1',1,'stp1',1,0,NULL,NULL,NULL,NULL),(7,22,'gh_33120a83f0ab','三众传媒','SZCM773583314',2,'wtimes',0,'',0,0,'2013-12-21 10:37:21','1','temp_1','temp_1',0,'stp1',1,0,NULL,NULL,NULL,NULL),(8,23,'gh_870fe06628d3','悦游五洲','yuetravel',1,'wtimes',0,'',0,33,'2014-04-21 12:07:33','1','temp_6','temp_1',0,'stp1',1,0,'etemp1','ltemp1','atemp1','ftemp1');
/*!40000 ALTER TABLE `publicers` ENABLE KEYS */;
UNLOCK TABLES;

--
-- Table structure for table `sproduct`
--

DROP TABLE IF EXISTS `sproduct`;
/*!40101 SET @saved_cs_client     = @@character_set_client */;
/*!40101 SET character_set_client = utf8 */;
CREATE TABLE `sproduct` (
  `sid` tinyint(5) NOT NULL AUTO_INCREMENT COMMENT '产品分类id',
  `stitle` varchar(20) DEFAULT '' COMMENT '产品分类名称',
  `soft` tinyint(4) NOT NULL DEFAULT '50' COMMENT '产品排序',
  `add_time` int(11) DEFAULT NULL COMMENT ' 增加时间',
  `edit_time` int(11) DEFAULT NULL COMMENT '修改时间',
  `pub_id` tinyint(5) NOT NULL COMMENT '公众帐号id',
  `ind_id` tinyint(2) NOT NULL COMMENT '行业id',
  `is_del` tinyint(2) NOT NULL DEFAULT '1' COMMENT '1显示0删除',
  `sinfo` text COMMENT '产品分类介绍',
  `spic` varchar(60) DEFAULT '' COMMENT '产品分类图片',
  PRIMARY KEY (`sid`,`soft`,`pub_id`,`ind_id`,`is_del`)
) ENGINE=MyISAM AUTO_INCREMENT=10 DEFAULT CHARSET=utf8;
/*!40101 SET character_set_client = @saved_cs_client */;

--
-- Dumping data for table `sproduct`
--

LOCK TABLES `sproduct` WRITE;
/*!40000 ALTER TABLE `sproduct` DISABLE KEYS */;
INSERT INTO `sproduct` VALUES (1,'年么么么',50,1380874963,1384084053,15,1,1,'<p>哦破解后背黑锅发给</p>','Uploads/General/15/s_526373519add5.jpg'),(4,'童装案例预览',50,1382194943,1384524277,1,1,1,'<p style=\"text-align:justify;\">不一样的摄影，不一样童年，唯诺广告</p>','Uploads/General/1/s_528259bdbc65f.jpg'),(6,'邓家佳写真',50,1384534034,1392831102,2,1,1,'邓家佳，内地青年女演员。1983年5月出生于四川，中国传媒大学表演系本科毕业。因《十全九美》饰南宫燕一角而一举成名，2010年邓家佳出演电视剧《爱情公寓2》的唐悠悠人气飙升，并由此获称“喜剧小天后”','Uploads/General/2/s_52cff085999cd.jpg'),(7,'SC200/200',50,1384932191,1384936583,3,1,1,'','Uploads/General/3/s_528c748729688.jpg'),(9,'精品案例一览',50,1392645747,1392648779,5,1,1,'<p>精品案例一览<br /></p>','Uploads/General/5/s_5302224b00833.jpg');
/*!40000 ALTER TABLE `sproduct` ENABLE KEYS */;
UNLOCK TABLES;

--
-- Table structure for table `temp`
--

DROP TABLE IF EXISTS `temp`;
/*!40101 SET @saved_cs_client     = @@character_set_client */;
/*!40101 SET character_set_client = utf8 */;
CREATE TABLE `temp` (
  `id` tinyint(4) unsigned NOT NULL AUTO_INCREMENT,
  `temp_name` varchar(10) NOT NULL DEFAULT '',
  `temp_path` varchar(50) NOT NULL DEFAULT '',
  `pub_id` varchar(300) NOT NULL DEFAULT '0',
  `ind_id` tinyint(5) NOT NULL DEFAULT '0',
  `thumb_path` varchar(100) DEFAULT '',
  `flag` tinyint(2) NOT NULL DEFAULT '1' COMMENT '1是通用模板2推荐3预约',
  PRIMARY KEY (`id`)
) ENGINE=MyISAM AUTO_INCREMENT=49 DEFAULT CHARSET=utf8;
/*!40101 SET character_set_client = @saved_cs_client */;

--
-- Dumping data for table `temp`
--

LOCK TABLES `temp` WRITE;
/*!40000 ALTER TABLE `temp` DISABLE KEYS */;
INSERT INTO `temp` VALUES (1,'temp_1','/templates/General/','0',1,'/Public/image/Gengral/temp1.png',1),(2,'temp_2','/templates/General/','0',1,'/Public/image/Gengral/temp2.png',1),(3,'temp_3','/templates/General/','0',1,'/Public/image/Gengral/temp3.png',1),(4,'temp_4','/templates/General/','0',1,'/Public/image/Gengral/temp4.png',1),(5,'temp_5','/templates/General/','0',1,'/Public/image/Gengral/temp5.png',1),(8,'时尚风格','','2,3',1,'/Public/image/Gengral/ctemp_1.png',2),(9,'temp_1','','8888',88,'/Public/image/order/temp1.png',3),(10,'temp_2','','8888',88,'/Public/image/order/temp2.png',3),(11,'temp_6','/templates/General/','0',1,'/Public/image/Gengral/temp6.png',1),(12,'temp_7','/templates/General/','0',1,'/Public/image/Gengral/temp7.png',1),(13,'temp_8','/templates/General/','0',1,'/Public/image/Gengral/temp8.png',1),(14,'temp_9','/templates/General/','0',1,'/Public/image/Gengral/temp9.png',1),(15,'temp_10','/templates/General/','0',1,'/Public/image/Gengral/temp10.png',1),(16,'temp_1','/templates/food/','0',3,'/Public/image/Gengral/temp1.png',1),(18,'temp_2','/templates/food/','0',3,'/Public/image/Gengral/temp2.png',1),(19,'temp_3','/templates/food/','0',3,'/Public/image/Gengral/temp3.png',1),(20,'temp_4','/templates/food/','0',3,'/Public/image/Gengral/temp4.png',1),(21,'temp_5','/templates/food/','0',3,'/Public/image/Gengral/temp5.png',1),(22,'temp_6','/templates/food/','0',3,'/Public/image/Gengral/temp6.png',1),(23,'temp_7','/templates/food/','0',3,'/Public/image/Gengral/temp7.png',1),(24,'temp_8','/templates/food/','0',3,'/Public/image/Gengral/temp8.png',1),(25,'temp_9','/templates/food/','0',3,'/Public/image/Gengral/temp9.png',1),(26,'temp_10','/templates/food/','0',3,'/Public/image/Gengral/temp10.png',1),(27,'temp_1','/templates/Estate/','0',2,'/Public/image/Gengral/temp1.png',1),(28,'temp_2','/templates/Estate/','0',2,'/Public/image/Gengral/temp2.png',1),(29,'temp_3','/templates/Estate/','0',2,'/Public/image/Gengral/temp3.png',1),(30,'temp_4','/templates/Estate/','0',2,'/Public/image/Gengral/temp4.png',1),(31,'temp_5','/templates/Estate/','0',2,'/Public/image/Gengral/temp5.png',1),(32,'temp_6','/templates/Estate/','0',2,'/Public/image/Gengral/temp6.png',1),(33,'temp_7','/templates/Estate/','0',2,'/Public/image/Gengral/temp7.png',1),(34,'temp_8','/templates/Estate/','0',2,'/Public/image/Gengral/temp8.png',1),(35,'temp_9','/templates/Estate/','0',2,'/Public/image/Gengral/temp9.png',1),(36,'temp_10','/templates/Estate/','0',2,'/Public/image/Gengral/temp10.png',1),(37,'temp_1','/templates/Medical/','0',6,'/Public/image/Gengral/temp1.png',1),(38,'temp_2','/templates/Medical/','0',6,'/Public/image/Gengral/temp2.png',1),(39,'temp_3','/templates/Medical/','0',6,'/Public/image/Gengral/temp3.png',1),(40,'temp_4','/templates/Medical/','0',6,'/Public/image/Gengral/temp4.png',1),(41,'temp_5','/templates/Medical/','0',6,'/Public/image/Gengral/temp5.png',1),(42,'temp_6','/templates/Medical/','0',6,'/Public/image/Gengral/temp6.png',1),(43,'temp_7','/templates/Medical/','0',6,'/Public/image/Gengral/temp7.png',1),(44,'temp_8','/templates/Medical/','0',6,'/Public/image/Gengral/temp8.png',1),(45,'temp_9','/templates/Medical/','0',6,'/Public/image/Gengral/temp9.png',1),(46,'temp_10','/templates/Medical/','0',6,'/Public/image/Gengral/temp10.png',1),(48,'temp_11','/templates/Medical/','0',6,'/Public/image/Gengral/temp9.png',1);
/*!40000 ALTER TABLE `temp` ENABLE KEYS */;
UNLOCK TABLES;

--
-- Table structure for table `wcustomize`
--

DROP TABLE IF EXISTS `wcustomize`;
/*!40101 SET @saved_cs_client     = @@character_set_client */;
/*!40101 SET character_set_client = utf8 */;
CREATE TABLE `wcustomize` (
  `menu_id` tinyint(4) NOT NULL AUTO_INCREMENT,
  `menu_name` varchar(20) DEFAULT '',
  `menu_link` varchar(50) DEFAULT '',
  `pub_id` varchar(200) DEFAULT '',
  PRIMARY KEY (`menu_id`)
) ENGINE=InnoDB DEFAULT CHARSET=utf8;
/*!40101 SET character_set_client = @saved_cs_client */;

--
-- Dumping data for table `wcustomize`
--

LOCK TABLES `wcustomize` WRITE;
/*!40000 ALTER TABLE `wcustomize` DISABLE KEYS */;
/*!40000 ALTER TABLE `wcustomize` ENABLE KEYS */;
UNLOCK TABLES;

--
-- Table structure for table `wheel`
--

DROP TABLE IF EXISTS `wheel`;
/*!40101 SET @saved_cs_client     = @@character_set_client */;
/*!40101 SET character_set_client = utf8 */;
CREATE TABLE `wheel` (
  `id` tinyint(5) NOT NULL AUTO_INCREMENT,
  `pubId` tinyint(5) DEFAULT '0',
  `name` varchar(20) DEFAULT '',
  `startTime` varchar(20) DEFAULT '',
  `endTime` varchar(20) DEFAULT '',
  `des` varchar(50) DEFAULT '',
  `pic` varchar(100) DEFAULT '',
  `winMsg` varchar(50) DEFAULT '',
  `loseMsg` varchar(50) DEFAULT '',
  `maxTimes` tinyint(5) DEFAULT '0',
  `dayMaxTimes` tinyint(2) DEFAULT '0',
  `aw1Name` varchar(40) DEFAULT '',
  `aw1Num` tinyint(5) DEFAULT '0',
  `aw1Rate` tinyint(2) DEFAULT '0',
  `aw2Name` varchar(40) DEFAULT '',
  `aw2Num` tinyint(5) DEFAULT '0',
  `aw2Rate` tinyint(2) DEFAULT '0',
  `aw3Name` varchar(40) DEFAULT '',
  `aw3Num` tinyint(5) DEFAULT '0',
  `aw3Rate` tinyint(2) unsigned DEFAULT '0',
  PRIMARY KEY (`id`)
) ENGINE=InnoDB AUTO_INCREMENT=18 DEFAULT CHARSET=utf8;
/*!40101 SET character_set_client = @saved_cs_client */;

--
-- Dumping data for table `wheel`
--

LOCK TABLES `wheel` WRITE;
/*!40000 ALTER TABLE `wheel` DISABLE KEYS */;
INSERT INTO `wheel` VALUES (12,4,'大转盘','2013-12-11 20:47:51','2013-12-12 20:47:53','多抽多得','s_','恭喜您中大奖啦','真遗憾,再接再厉',20,19,'iphone5s',2,2,'iphone5c',2,2,'iphone4s',2,2),(15,2,'2014大转运','2014-01-29 16:53:46','2014-03-29 16:53:48','多抽多得，2014大转运','Uploads/General/2/s_52e8c1d086d5d.jpg','恭喜您中大奖啦','真遗憾,再接再厉',100,10,'iphone5s',4,3,'iphone5c',0,4,'iphone4s',4,5),(17,5,'设计创意活动','2014-03-03 16:16:35','2014-03-06 16:16:38','设计创意活动设计创意活动','s_','恭喜你中大奖了','你的运气很差',20,5,'iphone5s',5,5,'iphone4s',5,4,'iphone5s',5,3);
/*!40000 ALTER TABLE `wheel` ENABLE KEYS */;
UNLOCK TABLES;

--
-- Table structure for table `winning`
--

DROP TABLE IF EXISTS `winning`;
/*!40101 SET @saved_cs_client     = @@character_set_client */;
/*!40101 SET character_set_client = utf8 */;
CREATE TABLE `winning` (
  `id` int(7) NOT NULL AUTO_INCREMENT,
  `openId` varchar(50) DEFAULT '',
  `pubId` tinyint(5) DEFAULT NULL,
  `wheelId` tinyint(5) DEFAULT NULL,
  `tel` varchar(15) DEFAULT '',
  `lev` tinyint(1) DEFAULT NULL COMMENT '品奖等级',
  `name` varchar(20) DEFAULT '',
  `num` tinyint(2) DEFAULT NULL,
  `shottime` varchar(20) DEFAULT '',
  `is_get` tinyint(1) DEFAULT '0' COMMENT '0是未领取1是领取',
  `remark` varchar(100) DEFAULT '',
  PRIMARY KEY (`id`)
) ENGINE=InnoDB AUTO_INCREMENT=19 DEFAULT CHARSET=utf8;
/*!40101 SET character_set_client = @saved_cs_client */;

--
-- Dumping data for table `winning`
--

LOCK TABLES `winning` WRITE;
/*!40000 ALTER TABLE `winning` DISABLE KEYS */;
INSERT INTO `winning` VALUES (18,'o_ow9uAhDO-0bS2gAbWLQ4ebWKOU',2,15,'18614031072',2,'iphone5c',4,'2014-01-29',0,'');
/*!40000 ALTER TABLE `winning` ENABLE KEYS */;
UNLOCK TABLES;

--
-- Table structure for table `winterest`
--

DROP TABLE IF EXISTS `winterest`;
/*!40101 SET @saved_cs_client     = @@character_set_client */;
/*!40101 SET character_set_client = utf8 */;
CREATE TABLE `winterest` (
  `menu_id` tinyint(4) NOT NULL AUTO_INCREMENT,
  `menu_name` varchar(20) DEFAULT '',
  `menu_link` varchar(50) DEFAULT '',
  PRIMARY KEY (`menu_id`)
) ENGINE=InnoDB AUTO_INCREMENT=3 DEFAULT CHARSET=utf8;
/*!40101 SET character_set_client = @saved_cs_client */;

--
-- Dumping data for table `winterest`
--

LOCK TABLES `winterest` WRITE;
/*!40000 ALTER TABLE `winterest` DISABLE KEYS */;
INSERT INTO `winterest` VALUES (1,'大转盘','wheel'),(2,'刮刮乐','scratch');
/*!40000 ALTER TABLE `winterest` ENABLE KEYS */;
UNLOCK TABLES;

--
-- Table structure for table `wmember`
--

DROP TABLE IF EXISTS `wmember`;
/*!40101 SET @saved_cs_client     = @@character_set_client */;
/*!40101 SET character_set_client = utf8 */;
CREATE TABLE `wmember` (
  `menu_id` tinyint(4) NOT NULL AUTO_INCREMENT,
  `menu_name` varchar(20) DEFAULT '',
  `menu_link` varchar(50) DEFAULT '',
  PRIMARY KEY (`menu_id`)
) ENGINE=MyISAM AUTO_INCREMENT=5 DEFAULT CHARSET=utf8;
/*!40101 SET character_set_client = @saved_cs_client */;

--
-- Dumping data for table `wmember`
--

LOCK TABLES `wmember` WRITE;
/*!40000 ALTER TABLE `wmember` DISABLE KEYS */;
INSERT INTO `wmember` VALUES (1,'会员卡设置','memberCard'),(2,'查看会员','checkMember'),(3,'特权管理','privilege'),(4,'优惠活动管理','coupon');
/*!40000 ALTER TABLE `wmember` ENABLE KEYS */;
UNLOCK TABLES;

--
-- Table structure for table `wpictrue`
--

DROP TABLE IF EXISTS `wpictrue`;
/*!40101 SET @saved_cs_client     = @@character_set_client */;
/*!40101 SET character_set_client = utf8 */;
CREATE TABLE `wpictrue` (
  `menu_id` int(10) NOT NULL AUTO_INCREMENT,
  `menu_name` varchar(21) DEFAULT '',
  `menu_link` varchar(50) DEFAULT '',
  `pub_id` tinyint(4) DEFAULT NULL,
  `ind_id` tinyint(2) DEFAULT NULL,
  PRIMARY KEY (`menu_id`)
) ENGINE=InnoDB AUTO_INCREMENT=5 DEFAULT CHARSET=utf8;
/*!40101 SET character_set_client = @saved_cs_client */;

--
-- Dumping data for table `wpictrue`
--

LOCK TABLES `wpictrue` WRITE;
/*!40000 ALTER TABLE `wpictrue` DISABLE KEYS */;
INSERT INTO `wpictrue` VALUES (1,'相册管理','sproduct',0,1),(2,'相册管理','sproduct',0,3),(3,'相册管理','menu',0,2),(4,'相册管理','menu',9,6);
/*!40000 ALTER TABLE `wpictrue` ENABLE KEYS */;
UNLOCK TABLES;

--
-- Table structure for table `wservice`
--

DROP TABLE IF EXISTS `wservice`;
/*!40101 SET @saved_cs_client     = @@character_set_client */;
/*!40101 SET character_set_client = utf8 */;
CREATE TABLE `wservice` (
  `menu_id` tinyint(4) NOT NULL AUTO_INCREMENT,
  `menu_name` varchar(20) DEFAULT '',
  `menu_link` varchar(50) DEFAULT '',
  PRIMARY KEY (`menu_id`)
) ENGINE=InnoDB AUTO_INCREMENT=7 DEFAULT CHARSET=utf8;
/*!40101 SET character_set_client = @saved_cs_client */;

--
-- Dumping data for table `wservice`
--

LOCK TABLES `wservice` WRITE;
/*!40000 ALTER TABLE `wservice` DISABLE KEYS */;
INSERT INTO `wservice` VALUES (1,'被关注时回复','beConcerned'),(2,'默认回复','defaultReply'),(3,'文字回复','wordsReply'),(4,'图文回复','mixReply'),(5,'音乐回复','musicReply'),(6,'地理回复','geographyReply');
/*!40000 ALTER TABLE `wservice` ENABLE KEYS */;
UNLOCK TABLES;

--
-- Table structure for table `wshop`
--

DROP TABLE IF EXISTS `wshop`;
/*!40101 SET @saved_cs_client     = @@character_set_client */;
/*!40101 SET character_set_client = utf8 */;
CREATE TABLE `wshop` (
  `id` tinyint(3) NOT NULL AUTO_INCREMENT,
  `menu_name` varchar(20) DEFAULT '',
  `menu_link` varchar(50) DEFAULT '',
  `pub_id` tinyint(4) DEFAULT NULL,
  `ind_id` tinyint(4) DEFAULT NULL,
  PRIMARY KEY (`id`)
) ENGINE=InnoDB AUTO_INCREMENT=6 DEFAULT CHARSET=utf8;
/*!40101 SET character_set_client = @saved_cs_client */;

--
-- Dumping data for table `wshop`
--

LOCK TABLES `wshop` WRITE;
/*!40000 ALTER TABLE `wshop` DISABLE KEYS */;
INSERT INTO `wshop` VALUES (1,'商品管理','',0,0),(2,'订单管理','',0,0),(3,'会员中心','',0,0),(5,'系统设置','',0,0);
/*!40000 ALTER TABLE `wshop` ENABLE KEYS */;
UNLOCK TABLES;

--
-- Table structure for table `wsize`
--

DROP TABLE IF EXISTS `wsize`;
/*!40101 SET @saved_cs_client     = @@character_set_client */;
/*!40101 SET character_set_client = utf8 */;
CREATE TABLE `wsize` (
  `menu_id` tinyint(4) NOT NULL AUTO_INCREMENT,
  `menu_name` varchar(20) DEFAULT '',
  `menu_link` varchar(50) DEFAULT '',
  `pub_id` tinyint(4) DEFAULT NULL,
  `ind_id` tinyint(2) DEFAULT NULL,
  PRIMARY KEY (`menu_id`)
) ENGINE=InnoDB AUTO_INCREMENT=12 DEFAULT CHARSET=utf8;
/*!40101 SET character_set_client = @saved_cs_client */;

--
-- Dumping data for table `wsize`
--

LOCK TABLES `wsize` WRITE;
/*!40000 ALTER TABLE `wsize` DISABLE KEYS */;
INSERT INTO `wsize` VALUES (1,'栏目设置','menu',0,1),(3,'微餐栏目','menu',0,3),(5,'购餐取票','ticket',0,3),(6,'栏目设置','menu',0,2),(7,'楼盘介绍','floor',0,2),(8,'户型管理','room_layout',0,2),(9,'医疗栏目','menu',0,6),(10,'科室管理','keshi/title/index',0,6),(11,'在线预约','zx_order',0,6);
/*!40000 ALTER TABLE `wsize` ENABLE KEYS */;
UNLOCK TABLES;

--
-- Table structure for table `ysite`
--

DROP TABLE IF EXISTS `ysite`;
/*!40101 SET @saved_cs_client     = @@character_set_client */;
/*!40101 SET character_set_client = utf8 */;
CREATE TABLE `ysite` (
  `sid` tinyint(8) NOT NULL AUTO_INCREMENT,
  `sname` varchar(150) DEFAULT '' COMMENT '企业名称',
  `slogo` varchar(200) DEFAULT '' COMMENT '企业图片',
  `add_ress` varchar(255) DEFAULT '' COMMENT '企业地址',
  `email` varchar(200) DEFAULT '' COMMENT '企业email',
  `copy` varchar(100) DEFAULT '' COMMENT '企业版权',
  `copy_url` varchar(200) DEFAULT '' COMMENT '版权url',
  `content` text,
  `add_time` int(11) DEFAULT '0',
  `edit_time` int(11) DEFAULT '0',
  `pub_id` int(11) DEFAULT '0',
  PRIMARY KEY (`sid`)
) ENGINE=InnoDB AUTO_INCREMENT=4 DEFAULT CHARSET=utf8;
/*!40101 SET character_set_client = @saved_cs_client */;

--
-- Dumping data for table `ysite`
--

LOCK TABLES `ysite` WRITE;
/*!40000 ALTER TABLE `ysite` DISABLE KEYS */;
INSERT INTO `ysite` VALUES (2,'北京医院','Uploads/Medical/5/s_53257e023378a.jpg','北京市东单大华路1号','','','','<span style=\"color:#CC0000;font-family:arial;font-size:13px;line-height:20.020000457763672px;background-color:#FFFFFF;\">北京市</span><span style=\"color:#333333;font-family:arial;font-size:13px;line-height:20.020000457763672px;background-color:#FFFFFF;\">东单大华路1号<span style=\"color:#CC0000;font-family:arial;font-size:13px;line-height:20.020000457763672px;background-color:#FFFFFF;\">北京市</span><span style=\"color:#333333;font-family:arial;font-size:13px;line-height:20.020000457763672px;background-color:#FFFFFF;\">东单大华路1号</span></span>',1394966018,1394966048,5),(3,'悦游五洲','Uploads/General/8/s_5355b99a8b0a3.png','','','','','01-悦游五洲01-悦游五洲01-悦游五洲01-悦游五洲01-悦游五洲01-悦游五洲01-悦游五洲',1398055848,1398127002,8);
/*!40000 ALTER TABLE `ysite` ENABLE KEYS */;
UNLOCK TABLES;
/*!40103 SET TIME_ZONE=@OLD_TIME_ZONE */;

/*!40101 SET SQL_MODE=@OLD_SQL_MODE */;
/*!40014 SET FOREIGN_KEY_CHECKS=@OLD_FOREIGN_KEY_CHECKS */;
/*!40014 SET UNIQUE_CHECKS=@OLD_UNIQUE_CHECKS */;
/*!40101 SET CHARACTER_SET_CLIENT=@OLD_CHARACTER_SET_CLIENT */;
/*!40101 SET CHARACTER_SET_RESULTS=@OLD_CHARACTER_SET_RESULTS */;
/*!40101 SET COLLATION_CONNECTION=@OLD_COLLATION_CONNECTION */;
/*!40111 SET SQL_NOTES=@OLD_SQL_NOTES */;

-- Dump completed on 2014-04-22 11:18:17
